https://apkpure.com/language-learning-pingo-ai/com.picoai.languageapp.android,com.picoai.languageapp.android
https://apkpure.com/duolingo-language-lessons/com.duolingo,com.duolingo
https://apkpure.com/hellotalk-learn-languages/com.hellotalk,com.hellotalk
https://apkpure.com/neuronation-brain-training/air.nn.mobile.app.main,air.nn.mobile.app.main
https://apkpure.com/apk-editor-pro/com.apkeditor.new.explorer3,com.apkeditor.new.explorer3
https://apkpure.com/scratch/org.scratch,org.scratch
https://apkpure.com/minecraft-education/com.mojang.minecraftedu,com.mojang.minecraftedu
https://apkpure.com/google-classroom/com.google.android.apps.classroom,com.google.android.apps.classroom
https://apkpure.com/chuang-you-shi-jie/com.hortor.juliancysj,com.hortor.juliancysj
https://apkpure.com/gauth-ai-study-companion/com.education.android.h.intelligence,com.education.android.h.intelligence
https://apkpure.com/iq-test-intelligence-test/com.iq.test.online.tools.store,com.iq.test.online.tools.store
https://apkpure.com/tandem-master-any-language-with-a-native-speaker/net.tandem,net.tandem
https://apkpure.com/pydroid-3-ide-for-python-3/ru.iiec.pydroid3,ru.iiec.pydroid3
https://apkpure.com/moodle/com.moodle.moodlemobile,com.moodle.moodlemobile
https://apkpure.com/knowunity-study-chat-share/de.knowunity.app,de.knowunity.app
https://apkpure.com/stellarium-mobile-star-map/com.noctuasoftware.stellarium_free,com.noctuasoftware.stellarium_free
https://apkpure.com/yandex-translate/ru.yandex.translate,ru.yandex.translate
https://apkpure.com/scientific-calculator-plus-991/advanced.scientific.calculator.calc991.plus,advanced.scientific.calculator.calc991.plus
https://apkpure.com/turbo-ai-notetaker/ai.turbolearn,ai.turbolearn
https://apkpure.com/chinese-handwriting-recog/name.choe.hanjahandwritingrecog,name.choe.hanjahandwritingrecog
https://apkpure.com/draw-cartoons-2/com.zalivka.animation2,com.zalivka.animation2
https://apkpure.com/ypt-yeolpumta/com.pallo.passiontimerscoped,com.pallo.passiontimerscoped
https://apkpure.com/astra-ai-study-exam-prep/co.astra_ai.app.twa,co.astra_ai.app.twa
https://apkpure.com/minecraft-education-preview/com.mojang.minecraftedu_preview,com.mojang.minecraftedu_preview
https://apkpure.com/unreal-chemist-chemistry-lab/com.PixelMiller.UnrealChemist,com.PixelMiller.UnrealChemist
https://apkpure.com/%D1%83%D1%87%D0%B8-%D1%80%D1%83-0%E2%80%934-%D0%BA%D0%BB%D0%B0%D1%81%D1%81/com.uchi.app,com.uchi.app
https://apkpure.com/classdojo/com.classdojo.android,com.classdojo.android
https://apkpure.com/photomath/com.microblink.photomath,com.microblink.photomath
https://apkpure.com/yeetalk-chat-talk-with-native/com.imback.yeetalk,com.imback.yeetalk
https://apkpure.com/quizlet-languages-vocab/com.quizlet.quizletandroid,com.quizlet.quizletandroid
https://apkpure.com/supernova-ai-spoken-english/live.gosupernova.app,live.gosupernova.app
https://apkpure.com/busuu-learn-speak-languages/com.busuu.android.enc,com.busuu.android.enc
https://apkpure.com/translate-on-screen/com.recognize_text.translate.screen,com.recognize_text.translate.screen
https://apkpure.com/ayat-al-quran/sa.edu.ksu.Ayat,sa.edu.ksu.Ayat
https://apkpure.com/blackboard-learn/com.blackboard.android.bbstudent,com.blackboard.android.bbstudent
https://apkpure.com/scratchjr/org.scratchjr.android,org.scratchjr.android
https://apkpure.com/gizmo/ai.saveall.app,ai.saveall.app
https://apkpure.com/canvas-by-instructure/com.instructure.candroid,com.instructure.candroid
https://apkpure.com/%D1%80%D1%83%D1%82-%D0%BC%D0%B8%D0%B8%D1%82/ru.amt.miitmp,ru.amt.miitmp
https://apkpure.com/kahoot-play-create-quizzes/no.mobitroll.kahoot.android,no.mobitroll.kahoot.android
https://apkpure.com/testbook-exam-preparation-app/com.testbook.tbapp,com.testbook.tbapp
https://apkpure.com/tenmin/ai.tenmin.app,ai.tenmin.app
https://apkpure.com/khan-academy-kids-learning/org.khankids.android,org.khankids.android
https://apkpure.com/airlearn-learn-a-language/com.unacademy.antonio,com.unacademy.antonio
https://apkpure.com/star-walk-2-ads-sky-map-view/com.vitotechnology.StarWalk2Free,com.vitotechnology.StarWalk2Free
https://apkpure.com/phet-simulations/edu.colorado.phet.androidApp,edu.colorado.phet.androidApp
https://apkpure.com/udemy-online-courses/com.udemy.android,com.udemy.android
https://apkpure.com/memrise-easy-language-learning/com.memrise.android.memrisecompanion,com.memrise.android.memrisecompanion
https://apkpure.com/ankidroid-flashcards/com.ichi2.anki,com.ichi2.anki
https://apkpure.com/seekho-hindi-learning-videos/com.seekho.android,com.seekho.android
https://apkpure.com/learn-to-read-duolingo-abc/com.duolingo.literacy,com.duolingo.literacy
https://apkpure.com/studley-ai-get-better-grades/ai.studley.app,ai.studley.app
https://apkpure.com/usmart-browser/acp.usmartbro,acp.usmartbro
https://apkpure.com/studocu/com.studocu.app,com.studocu.app
https://apkpure.com/khan-academy/org.khanacademy.android,org.khanacademy.android
https://apkpure.com/pocket-code-learn-programming/org.catrobat.catroid,org.catrobat.catroid
https://apkpure.com/amazing/co.kevin.zqxsb,co.kevin.zqxsb
https://apkpure.com/%DA%A9%D8%A7%D8%AA%DB%95%DA%A9%D8%A7%D9%86%DB%8C-%D8%A8%D8%A7%D9%86%DA%AF-%D8%A7%D9%88%D9%82%D8%A7%D8%AA-%D8%A7%D9%84%D8%B5%D9%84%D8%A7%D8%A9/kdev.prayertimes,kdev.prayertimes
https://apkpure.com/exambro-exam-browser/com.dekikurnia.exambro,com.dekikurnia.exambro
https://apkpure.com/learn-english-easily-istoria/sa.app.iStoria,sa.app.iStoria
https://apkpure.com/lumosity-brain-training-games/com.lumoslabs.lumosity,com.lumoslabs.lumosity
https://apkpure.com/clever-masters/co.jack.egyjn,co.jack.egyjn
https://apkpure.com/brainly-%E2%80%93-homework-math-solver/co.brainly,co.brainly
https://apkpure.com/buddy-ai-fun-learning-games/ai.mybuddy.talkingflashcards_new,ai.mybuddy.talkingflashcards_new
https://apkpure.com/elsa-ai-learn-speak-english/us.nobarriers.elsa,us.nobarriers.elsa
https://apkpure.com/marks-iit-jee-neet-prep-app/com.scoremarks.marks,com.scoremarks.marks
https://apkpure.com/lingotube-dual-caption-player/com.springwalk.lingotube,com.springwalk.lingotube
https://apkpure.com/picturethis-plant-identifier/cn.danatech.xingseus,cn.danatech.xingseus
https://apkpure.com/learn-english-spanish-learna/com.codeway.aitutor,com.codeway.aitutor
https://apkpure.com/simply-draw-learn-to-draw/com.hellosimply.simplydraw,com.hellosimply.simplydraw
https://apkpure.com/learn-ethical-hacking-hackerx/hacking.learnhacking.learn.hack.ethicalhacking.programming.coding.hackerx.cybersecurity,hacking.learnhacking.learn.hack.ethicalhacking.programming.coding.hackerx.cybersecurity
https://apkpure.com/speaky-language-exchange/appli.speaky.com,appli.speaky.com
https://apkpure.com/hellochinese-learn-chinese/com.hellochinese,com.hellochinese
https://apkpure.com/simply-piano-learn-piano-fast/com.joytunes.simplypiano,com.joytunes.simplypiano
https://apkpure.com/lingokids-play-and-learn/es.monkimun.lingokids,es.monkimun.lingokids
https://apkpure.com/tinkercad/com.tinkercad.www.twa,com.tinkercad.www.twa
https://apkpure.com/coursera-grow-your-career/org.coursera.android,org.coursera.android
https://apkpure.com/evv-2-0/com.evidyavahini.app,com.evidyavahini.app
https://apkpure.com/sensi7xis/com.astronmembers.sensi7xis,com.astronmembers.sensi7xis
https://apkpure.com/cnc-simulator-lite/com.virtlab.cncsim_free,com.virtlab.cncsim_free
https://apkpure.com/u-dictionary-translator/com.youdao.hindict,com.youdao.hindict
https://apkpure.com/khanqah-bd/com.khanqahbd,com.khanqahbd
https://apkpure.com/e-shikshakosh/com.bepc.eshikshakosh,com.bepc.eshikshakosh
https://apkpure.com/%D1%8D%D0%BB%D0%B5%D0%BA%D1%82%D1%80%D0%BE%D0%BD%D0%B4%D1%83%D0%BA-%D0%BA%D2%AF%D0%BD%D0%B4%D3%A9%D0%BB%D2%AF%D0%BA/com.ulut.bilim,com.ulut.bilim
https://apkpure.com/lingotok-ai-language-tutor/ai.zerobillion.pdftutor,ai.zerobillion.pdftutor
https://apkpure.com/zudo/com.zudo,com.zudo
https://apkpure.com/cbt-exam-browser-exambro/com.cbt.exam.browser,com.cbt.exam.browser
https://apkpure.com/exambro-e-ujian-id/id.eujian.cbt,id.eujian.cbt
https://apkpure.com/mit-ai2-companion/edu.mit.appinventor.aicompanion3,edu.mit.appinventor.aicompanion3
https://apkpure.com/e-halsangandn/com.eparwarda.ehalsangandn,com.eparwarda.ehalsangandn
https://apkpure.com/cursa-online-courses/com.ionicframework.cursosdegraca,com.ionicframework.cursosdegraca
https://apkpure.com/babbel-learn-languages/com.babbel.mobile.android.en,com.babbel.mobile.android.en
https://apkpure.com/brightspace-pulse/com.d2l.brightspace.student.android,com.d2l.brightspace.student.android
https://apkpure.com/sololearn-ai-code-learning/com.sololearn,com.sololearn
https://apkpure.com/siyavula-maths-and-science/com.siyavula.www.twa,com.siyavula.www.twa
https://apkpure.com/luzia-your-ai-assistant/co.thewordlab.luzia,co.thewordlab.luzia
https://apkpure.com/hellolms/kr.co.imaxsoft.hellolms,kr.co.imaxsoft.hellolms
https://apkpure.com/simurelay/com.mordiastudio.simurelayfree,com.mordiastudio.simurelayfree
https://apkpure.com/learn-speak-english-praktika/ai.praktika.android,ai.praktika.android
https://apkpure.com/issen-language-voice-tutor/com.issen.app,com.issen.app
https://apkpure.com/speak-language-learning/com.selabs.speak,com.selabs.speak
https://apkpure.com/%C3%B6sym-aday-i%CC%87%C5%9Flemleri-sistemi/tr.gov.osym.ais.android,tr.gov.osym.ais.android
https://apkpure.com/mathway-scan-all-solve-problems/com.bagatrix.mathway.android,com.bagatrix.mathway.android
https://apkpure.com/ewa-learn-english-spanish/com.ewa.ewaapp,com.ewa.ewaapp
https://apkpure.com/e-ujian-browser/com.doovera.eujianbrowser,com.doovera.eujianbrowser
https://apkpure.com/mimo-learn-coding-programming/com.getmimo,com.getmimo
https://apkpure.com/fluently-ai-english-tutor/app.getfluently.app,app.getfluently.app
https://apkpure.com/netschool/com.edumobile3,com.edumobile3
https://apkpure.com/preply-language-learning-app/com.preply,com.preply
https://apkpure.com/bible-app-for-kids/com.bible.kids,com.bible.kids
https://apkpure.com/filo-exam-homework-help/com.filo.student,com.filo.student
https://apkpure.com/python-codepad/com.markodevcic.python_code_pad,com.markodevcic.python_code_pad
https://apkpure.com/talkpal-ai-language-learning/ai.talkpal,ai.talkpal
https://apkpure.com/quickshare-client/com.bozee.quickshare,com.bozee.quickshare
https://apkpure.com/mblock/com.makeblock.mblock,com.makeblock.mblock
https://apkpure.com/drops-language-learning-games/com.languagedrops.drops.international,com.languagedrops.drops.international
https://apkpure.com/electrical-wiring-simulator/com.SageApprentice.ElectricalWiringSimulator,com.SageApprentice.ElectricalWiringSimulator
https://apkpure.com/everycircuit/com.everycircuit.free,com.everycircuit.free
https://apkpure.com/voscreen-learn-english-with/com.voscreen.voscreenapp,com.voscreen.voscreenapp
https://apkpure.com/question-ai-chatbot-math-ai/com.qianfan.aihomework,com.qianfan.aihomework
https://apkpure.com/british-council-englishscore/com.englishscore,com.englishscore
https://apkpure.com/dmv-permit-practice-test-2026/com.astralerstudio.mydmv.android,com.astralerstudio.mydmv.android
https://apkpure.com/skyview%C2%AE-lite/com.t11.skyviewfree,com.t11.skyviewfree
https://apkpure.com/s%C3%BCmob/com.bidb.selcukmobil,com.bidb.selcukmobil
https://apkpure.com/cxxdroid-c-c-compiler-ide/ru.iiec.cxxdroid,ru.iiec.cxxdroid
https://apkpure.com/superchinese-learn-chinese/com.superchinese,com.superchinese
https://apkpure.com/childroo/com.childroo.app,com.childroo.app
https://apkpure.com/s-finder-mobile-schematic-app/com.mobileschematic.app,com.mobileschematic.app
https://apkpure.com/%C3%B6gys/tr.gov.egm.ogys,tr.gov.egm.ogys
https://apkpure.com/make-japanese-friends%E2%88%92langmate/co.thoron.langmate,co.thoron.langmate
https://apkpure.com/rojgar-with-ankit-rwa/com.appx.rojgar_with_ankit,com.appx.rojgar_with_ankit
https://apkpure.com/solar-system-scope/air.com.eu.inove.sss2,air.com.eu.inove.sss2
https://apkpure.com/desmos-graphing-calculator/com.desmos.calculator,com.desmos.calculator
https://apkpure.com/lingodeer-learn-languages/com.lingodeer,com.lingodeer
https://apkpure.com/next-toppers/com.nexttoppers.app,com.nexttoppers.app
https://apkpure.com/jamb-cbt-practice-offline/com.jambcbt.jambcbtappoffline,com.jambcbt.jambcbtappoffline
https://apkpure.com/translate-subtitles-for-videos/com.mmt.translingua,com.mmt.translingua
https://apkpure.com/grade-12-life-sciences/com.phonegap.LifeSciences_G12_By_Tshepo,com.phonegap.LifeSciences_G12_By_Tshepo
https://apkpure.com/nsfas/com.seedinc.nsfas.nsfas_app,com.seedinc.nsfas.nsfas_app
https://apkpure.com/8-ball-master-train-aim-skills/com.guidelinetoolkit.eightballmaster,com.guidelinetoolkit.eightballmaster
https://apkpure.com/cake-learn-english-korean/me.mycake,me.mycake
https://apkpure.com/islamone-quran-hadith-app/com.atq.quranemajeedapp.org.islamone,com.atq.quranemajeedapp.org.islamone
https://apkpure.com/qpython-python-for-android/org.qpython.qpy3,org.qpython.qpy3
https://apkpure.com/celestia/space.celestia.mobilecelestia,space.celestia.mobilecelestia
https://apkpure.com/%E5%AD%90%E4%BE%9B%E3%82%B2%E3%83%BC%E3%83%A0-%E7%9F%A5%E8%82%B2%E3%82%A2%E3%83%97%E3%83%AA-%E3%81%94%E3%81%A3%E3%81%93%E3%83%A9%E3%83%B3%E3%83%89-%E3%81%8A%E5%BA%97%E5%B1%8B%E3%81%95%E3%82%93%EF%BC%86%E6%96%99%E7%90%86%E3%82%B2%E3%83%BC%E3%83%A0/tv.kidsstar.app.PretendLand,tv.kidsstar.app.PretendLand
https://apkpure.com/meb-e-okul-vbs/com.meb.vbsmobil,com.meb.vbsmobil
https://apkpure.com/alison-online-learning-app/com.alison.mobile.flutter,com.alison.mobile.flutter
https://apkpure.com/joacademy/com.jo_Joacademy,com.jo_Joacademy
https://apkpure.com/lamelif-kuran-ve-tecvid-%C3%B6%C4%9Fren/com.lamelif.kuran,com.lamelif.kuran
https://apkpure.com/teuida-learn-languages/net.teuida.teuida,net.teuida.teuida
https://apkpure.com/dnevnik-ru/ru.dnevnik.app,ru.dnevnik.app
https://apkpure.com/wayground/com.quizizz_mobile,com.quizizz_mobile
https://apkpure.com/surah-noble-quran-with-tafsir/com.surahapp,com.surahapp
https://apkpure.com/bunpo-learn-japanese/com.bunpoapp,com.bunpoapp
https://apkpure.com/studysmarter-study-helper/com.studysmarter,com.studysmarter
https://apkpure.com/geogebra-calculator-suite/org.geogebra.android.calculator.suite,org.geogebra.android.calculator.suite
https://apkpure.com/atrium-medical-learning-game/ai.atriumlab.atom,ai.atriumlab.atom
https://apkpure.com/past-papers-zm/com.eczpastpapers,com.eczpastpapers
https://apkpure.com/exam-browser-2025-exambro/com.muhammadrobi.EXAMBROFREE2022,com.muhammadrobi.EXAMBROFREE2022
https://apkpure.com/coddy-learn-coding-daily/tech.coddy.coddyapp,tech.coddy.coddyapp
https://apkpure.com/popeye-assistant/ua.ces.site,ua.ces.site
https://apkpure.com/jolly-phonics-lessons/com.gilbertjolly.teachphonics.teachers,com.gilbertjolly.teachphonics.teachers
https://apkpure.com/kiwix/org.kiwix.kiwixmobile,org.kiwix.kiwixmobile
https://apkpure.com/kundalik-family/uz.kundalik.mobile,uz.kundalik.mobile
https://apkpure.com/study-circle-the-focus-app/info.cat_techs.pomo,info.cat_techs.pomo
https://apkpure.com/rosetta-stone-learn-practice/air.com.rosettastone.mobile.CoursePlayer,air.com.rosettastone.mobile.CoursePlayer
https://apkpure.com/%D8%A7%D9%84%D8%AE%D8%B7%D8%A9/com.elkheta,com.elkheta
https://apkpure.com/yoya-busy-life-world/com.novakids.busylifeworld,com.novakids.busylifeworld
https://apkpure.com/jurassic-world-play/com.mattel.jurassicworld2,com.mattel.jurassicworld2
https://apkpure.com/jvdroid-ide-for-java/ru.iiec.jvdroid,ru.iiec.jvdroid
https://apkpure.com/proto-circuit-simulator/com.proto.circuitsimulator,com.proto.circuitsimulator
https://apkpure.com/jpcsim-pc-windows-simulator/com.jesusdigitalrd.jpcsim,com.jesusdigitalrd.jpcsim
https://apkpure.com/studyx-ai-homework-helper/com.brilian.studyx.student,com.brilian.studyx.student
https://apkpure.com/yousician-learn-guitar/com.yousician.yousician,com.yousician.yousician
https://apkpure.com/geogebra-graphing-calculator/org.geogebra.android,org.geogebra.android
https://apkpure.com/book-s-parallel-translation/com.kursx.smartbook,com.kursx.smartbook
https://apkpure.com/tudu-yks%E2%80%99ye-haz%C4%B1rlan/com.tudu.app,com.tudu.app
https://apkpure.com/k53-tests/com.nhlakaniphonkosi.k53tests,com.nhlakaniphonkosi.k53tests
https://apkpure.com/justin-guitar-lessons-songs/net.musopia.fourchordsjustin,net.musopia.fourchordsjustin
https://apkpure.com/plantnet-plant-identification/org.plantnet,org.plantnet
https://apkpure.com/perseus-app/br.com.perseus.perseusapp.default,br.com.perseus.perseusapp.default
https://apkpure.com/bolo-english-learning-app/com.bolo.android,com.bolo.android
https://apkpure.com/hi-dictionary-learn-language/com.talpa.translate,com.talpa.translate
https://apkpure.com/jornada-do-estudante/br.gov.mec.jornada.estudante,br.gov.mec.jornada.estudante
https://apkpure.com/tasmee/com.eqra.android.tasmee,com.eqra.android.tasmee
https://apkpure.com/stars-and-planets/com.galaxy.starmap,com.galaxy.starmap
https://apkpure.com/bht-club/com.game.bhtclub.bharatclub.bharatgames,com.game.bhtclub.bharatclub.bharatgames
https://apkpure.com/qanda-ai-homework-assistant/com.mathpresso.qanda,com.mathpresso.qanda
https://apkpure.com/nb-lab/com.nobook.experimentalStuEn,com.nobook.experimentalStuEn
https://apkpure.com/code-siya9a-b2021-%D9%83%D9%88%D8%AF-%D8%A7%D9%84%D8%B3%D9%8A%D8%A7%D9%82%D8%A9/com.CSlab.codesiya9ab2022,com.CSlab.codesiya9ab2022
https://apkpure.com/simple-study/com.app.simplestudy,com.app.simplestudy
https://apkpure.com/cnc-milling-simulator/com.virtlab.cncvmcsim,com.virtlab.cncvmcsim
https://apkpure.com/waso-learn-kg-12/com.sfu.waso_learn,com.sfu.waso_learn
https://apkpure.com/focus-tree-timer-flashcards/focustree.app,focustree.app
https://apkpure.com/sol-play/com.eitv.solplay,com.eitv.solplay
https://apkpure.com/hiragana-pro-preview/com.myapps.hiragana,com.myapps.hiragana
https://apkpure.com/calculator/apps.r.calculator,apps.r.calculator
https://apkpure.com/peak-%E2%80%93-brain-games-training/com.brainbow.peak.app,com.brainbow.peak.app
https://apkpure.com/simply-guitar-learn-guitar/com.joytunes.simplyguitar,com.joytunes.simplyguitar
https://apkpure.com/seesaw/seesaw.shadowpuppet.co.classroom,seesaw.shadowpuppet.co.classroom
https://apkpure.com/theory-test-4-in-1-uk-lite/uk.co.focusmm.combo4free,uk.co.focusmm.combo4free
https://apkpure.com/learn-33-languages-mondly/com.atistudios.mondly.languages,com.atistudios.mondly.languages
https://apkpure.com/ted/com.ted.android,com.ted.android
https://apkpure.com/irodori-practice/jpf.go.jp.irodorionline.irodoriPractice,jpf.go.jp.irodorionline.irodoriPractice
https://apkpure.com/grade-12-mathematics/com.phonegap.Maths_G12_By_Tshepo,com.phonegap.Maths_G12_By_Tshepo
https://apkpure.com/crack-upsc-govt-exams/com.wearingo.audsupsc,com.wearingo.audsupsc
https://apkpure.com/careerwill-app/com.careerwill.careerwillapp,com.careerwill.careerwillapp
https://apkpure.com/beelinguapp-learn-spanish-and/com.david.android.languageswitch,com.david.android.languageswitch
https://apkpure.com/dragon-family/com.df.dragonfamily,com.df.dragonfamily
https://apkpure.com/myid-%EF%BD%9E%E5%AD%A6%E7%94%9F%E8%A8%BC%E3%80%81%E4%BC%9A%E5%93%A1%E8%A8%BC%E3%80%81%E7%A4%BE%E5%93%A1%E8%A8%BC%E3%82%A2%E3%83%97%E3%83%AA%EF%BD%9E/com.jssnet.gappli,com.jssnet.gappli
https://apkpure.com/japanese-kanji-study/com.mindtwisted.kanjistudy,com.mindtwisted.kanjistudy
https://apkpure.com/study-fetch/com.studyfetch.mobile.v2,com.studyfetch.mobile.v2
https://apkpure.com/learn-quran-tajwid/com.bi.learnquran,com.bi.learnquran
https://apkpure.com/study-journal/com.drprog.sjournal,com.drprog.sjournal
https://apkpure.com/miga-town-my-apartment/com.miga.myapartment,com.miga.myapartment
https://apkpure.com/nerd-ai-tutor-math-helper/com.codeway.homework,com.codeway.homework
https://apkpure.com/edurev-exam-preparation-app/com.edurev,com.edurev
https://apkpure.com/fully-exam-kiosk/com.fullykiosk.examkiosk,com.fullykiosk.examkiosk
https://apkpure.com/learn-art-history-painting/com.pavelkozemirov.guesstheartist,com.pavelkozemirov.guesstheartist
https://apkpure.com/surveysiq/com.techaircraft.surveyiq,com.techaircraft.surveyiq
https://apkpure.com/vocabulary-learn-fresh-words/com.hrd.vocabulary,com.hrd.vocabulary
https://apkpure.com/nibble-your-bite-of-knowledge/com.nibble.lesson,com.nibble.lesson
https://apkpure.com/bro-exam/com.paijo.broexam,com.paijo.broexam
https://apkpure.com/grade-12-physical-science/com.phonegap.Physics_G12_By_Tshepo,com.phonegap.Physics_G12_By_Tshepo
https://apkpure.com/padlet/com.wallwisher.Padlet,com.wallwisher.Padlet
https://apkpure.com/%D0%BC%D0%BE%D1%8F-%D1%88%D0%BA%D0%BE%D0%BB%D0%B0-%D0%B4%D0%BD%D0%B5%D0%B2%D0%BD%D0%B8%D0%BA/ru.mes.dnevnik.fgis,ru.mes.dnevnik.fgis
https://apkpure.com/hanashi/com.hanashiapp.hanashi,com.hanashiapp.hanashi
https://apkpure.com/endless-numbers/com.originatorkids.EndlessNumbers,com.originatorkids.EndlessNumbers
https://apkpure.com/unacademy-vip/com.unacademyvip,com.unacademyvip
https://apkpure.com/%EC%BD%94%EC%8A%A4%EB%AA%A8%EC%8A%A4/kr.coursemos.android2,kr.coursemos.android2
https://apkpure.com/headway-fun-easy-growth/com.headway.books,com.headway.books
https://apkpure.com/%D9%88%D8%AA%D9%8A%D9%86%D9%8A-%D8%A7%D9%86%D8%AA%D9%8A-%D9%88-%D8%A7%D9%86%D8%A7/com.swnar.game2z,com.swnar.game2z
https://apkpure.com/%D8%AA%D8%B9%D9%84%D9%85-%D8%A7%D9%84%D9%84%D8%BA%D8%A9-%D8%A7%D9%84%D8%A7%D9%86%D8%AC%D9%84%D9%8A%D8%B2%D9%8A%D8%A9-%D9%85%D9%86-%D8%A7%D9%84%D8%B5%D9%81%D8%B1/com.zamericanenglish,com.zamericanenglish
https://apkpure.com/edupage/air.org.edupage,air.org.edupage
https://apkpure.com/my-bca/com.goodbarber.mybca,com.goodbarber.mybca
https://apkpure.com/peerup-english-speaking-app/com.peerup,com.peerup
https://apkpure.com/star-walk-2-night-sky-view/com.vitotechnology.StarWalk2,com.vitotechnology.StarWalk2
https://apkpure.com/french-english/com.eflasoft.fraengfree,com.eflasoft.fraengfree
https://apkpure.com/rdev-exambro-pro-2023/com.muhammadrobi.EXAMBROPRO2022,com.muhammadrobi.EXAMBROPRO2022
https://apkpure.com/brilliant-learn-by-doing/org.brilliant.android,org.brilliant.android
https://apkpure.com/speak-japanese-sakura-speak/app.sakuraspeak.prototypev1,app.sakuraspeak.prototypev1
https://apkpure.com/symbolab-ai-math-solver/com.devsense.symbolab,com.devsense.symbolab
https://apkpure.com/heyjapan-learn-japanese/com.eup.heyjapan,com.eup.heyjapan
https://apkpure.com/ganitank/com.ganitank.learners,com.ganitank.learners
https://apkpure.com/%D8%AD%D9%84%D9%88%D9%84-%D8%A7%D9%84%D9%85%D9%86%D8%A7%D9%87%D8%AC-%D8%A7%D9%84%D8%AF%D8%B1%D8%A7%D8%B3%D9%8A%D8%A9/com.halool,com.halool
https://apkpure.com/iori-flashcards-langues/com.ioriflashcards.app,com.ioriflashcards.app
https://apkpure.com/kids-a-z/com.learninga_z.onyourown,com.learninga_z.onyourown
https://apkpure.com/bebek-game-kids-games/com.mjplus.learnarabic,com.mjplus.learnarabic
https://apkpure.com/anton-learn-teach-prek-8/com.solocode.anton,com.solocode.anton
https://apkpure.com/pbs-kids-video/org.pbskids.video,org.pbskids.video
https://apkpure.com/superbook-kids-bible-app/air.cbn.superbook.bible.app.android,air.cbn.superbook.bible.app.android
https://apkpure.com/shriram-technical-classes/co.classplus.srtc,co.classplus.srtc
https://apkpure.com/learn-english-for-beginners/com.gonliapps.learnamericanenglish.forkidsandbeginners,com.gonliapps.learnamericanenglish.forkidsandbeginners
https://apkpure.com/plickers/com.plickers.client.android,com.plickers.client.android
https://apkpure.com/awwe-%D1%81%D0%B5%D1%82%D0%B5%D0%B2%D0%BE%D0%B9-%D0%B3%D0%BE%D1%80%D0%BE%D0%B4/pw.awwe.schoolApp,pw.awwe.schoolApp
https://apkpure.com/babybus-tv-kids-videos-games/com.babybus.overseas.superjojo,com.babybus.overseas.superjojo
https://apkpure.com/dorks-hack/com.iam.googledork,com.iam.googledork
https://apkpure.com/acadai/com.mycompany.acadai,com.mycompany.acadai
https://apkpure.com/%D9%85%D9%83%D8%AA%D8%A8%D8%AA%D9%8A-%D8%A3%D8%AF%D8%B9%D9%8A%D8%A9-%D9%82%D8%B5%D8%B5-%D8%A7%D9%84%D8%A7%D9%86%D8%A8%D9%8A%D8%A7%D8%A1/com.walid.maktbti,com.walid.maktbti
https://apkpure.com/jamb-cbt-2023-testdriller/com.iafsawii.testdriller,com.iafsawii.testdriller
https://apkpure.com/kalam/com.saviomartin.alif,com.saviomartin.alif
https://apkpure.com/bites-ai-powered-studying/com.shaguf.shaguf_bites,com.shaguf.shaguf_bites
https://apkpure.com/dawood-kids-%D8%AF%D8%A7%D9%88%D9%88%D8%AF-%D9%84%D9%84%D8%A7%D8%B7%D9%81%D8%A7%D9%84/com.CreativeCloud.DawoodTV,com.CreativeCloud.DawoodTV
https://apkpure.com/epic-kids-books-reading/com.getepic.Epic,com.getepic.Epic
https://apkpure.com/elevate-brain-training-games/com.wonder,com.wonder
https://apkpure.com/todai-easy-japanese-news/mobi.eup.jpnews,mobi.eup.jpnews
https://apkpure.com/mebi%CC%87/tr.gov.eba.mebi,tr.gov.eba.mebi
https://apkpure.com/simpler-english-learning-app/ru.zengalt.simpler,ru.zengalt.simpler
https://apkpure.com/root/co.marshal.aufir,co.marshal.aufir
https://apkpure.com/qlango-learn-56-languages/co.uk.exocron.android.qlango,co.uk.exocron.android.qlango
https://apkpure.com/real-scientific-calculator/com.buta.caculator,com.buta.caculator
https://apkpure.com/flora-incognita/com.floraincognita.app.floraincognita,com.floraincognita.app.floraincognita
https://apkpure.com/learn-english-11-000-words/com.funeasylearn.english,com.funeasylearn.english
https://apkpure.com/mysivi-ai-english-speaking-app/com.practice.ninja_study,com.practice.ninja_study
https://apkpure.com/exambro/com.riyuteknologi.exam_browser,com.riyuteknologi.exam_browser
https://apkpure.com/syllabusgh-pasco-books-quiz/promzy.com.teachingsyllabus,promzy.com.teachingsyllabus
https://apkpure.com/uniwise-university-prospectus/za.co.uniwise,za.co.uniwise
https://apkpure.com/trainchinese-dictionary/com.molatra.trainchinese,com.molatra.trainchinese
https://apkpure.com/solvely-math-solver-homework/com.solvely.photo.math.solver.calculator.ai,com.solvely.photo.math.solver.calculator.ai
https://apkpure.com/the-hong-kong-children-s-choir/com.bullb.hkcchoir,com.bullb.hkcchoir
https://apkpure.com/miga-town-my-vacation/com.miga.myvacation,com.miga.myvacation
https://apkpure.com/ling-learn-languages/com.simyasolutions.ling.universal,com.simyasolutions.ling.universal
https://apkpure.com/solar-walk-2-ads-%EF%BC%9Asolar-system/com.vitotechnology.SolarWalk2Free,com.vitotechnology.SolarWalk2Free
https://apkpure.com/learn-chinese-hsk1-chinesimple/es.hskfree.ap,es.hskfree.ap
https://apkpure.com/%D0%BC%D1%80%D1%96%D1%8F/ua.gov.mriia.prod,ua.gov.mriia.prod
https://apkpure.com/class-8-math-solution-2023/bd.com.appcloud.math8guide,bd.com.appcloud.math8guide
https://apkpure.com/adda247-govt-job-prep-more/com.adda247.app,com.adda247.app
https://apkpure.com/bilimclass/com.bilimland.bilimclass,com.bilimland.bilimclass
https://apkpure.com/learn-korean-beginners/com.breboucas.coreanoparaviajar,com.breboucas.coreanoparaviajar
https://apkpure.com/chinese-dictionary-hanzii/com.eup.hanzii,com.eup.hanzii
https://apkpure.com/flowkey-learn-piano/com.flowkey.app,com.flowkey.app
https://apkpure.com/miga-town/com.miga.mytown,com.miga.mytown
https://apkpure.com/siya9a-2025-%D8%AA%D8%B9%D9%84%D9%8A%D9%85-%D8%A7%D9%84%D8%B3%D9%8A%D8%A7%D9%82%D8%A9/com.mokhtar.siya9a,com.mokhtar.siya9a
https://apkpure.com/flashcards-world/flashcards.words.words,flashcards.words.words
https://apkpure.com/grade-11-life-sciences/za.co.jsdtsolutions.grade11lifesciencesmobileapplication,za.co.jsdtsolutions.grade11lifesciencesmobileapplication
https://apkpure.com/clube-utua/br.com.utua.app_clube_utua,br.com.utua.app_clube_utua
https://apkpure.com/untis-mobile/com.grupet.web.app,com.grupet.web.app
https://apkpure.com/ylearn-maharashtra-board-app/com.hashtagsurprise4u.etude,com.hashtagsurprise4u.etude
https://apkpure.com/miga-town-my-hospital/com.miga.myhospital,com.miga.myhospital
https://apkpure.com/quipper/com.quipper.school.assignment,com.quipper.school.assignment
https://apkpure.com/utkarsh-govt-jobs-exam-prep/com.utkarshnew.android,com.utkarshnew.android
https://apkpure.com/masterclass-learn-new-skills/com.yanka.mc,com.yanka.mc
https://apkpure.com/netwing-computer-institute/co.alexis.pqzrs,co.alexis.pqzrs
https://apkpure.com/mochimochi-learn-kanji/com.mochimochi.android.an,com.mochimochi.android.an
https://apkpure.com/endless-alphabet/com.originatorkids.EndlessAlphabet,com.originatorkids.EndlessAlphabet
https://apkpure.com/wilgo/ai.wilgo.android,ai.wilgo.android
https://apkpure.com/perfect-ear-music-rhythm/com.evilduck.musiciankit,com.evilduck.musiciankit
https://apkpure.com/wajeez-summaries-novels/com.faylasof.android.waamda,com.faylasof.android.waamda
https://apkpure.com/ielts-speaking-assistant/com.rocketraven.ieltsapp,com.rocketraven.ieltsapp
https://apkpure.com/%D8%A7%D9%84%D9%85%D9%88%D8%B3%D9%88%D8%B9%D8%A9-%D8%A7%D9%84%D8%AD%D8%AF%D9%8A%D8%AB%D9%8A%D8%A9/com.zad.hadith,com.zad.hadith
https://apkpure.com/todaii-learn-german-a1-c1/mobi.eup.easygerman,mobi.eup.easygerman
https://apkpure.com/division-calculator/andrei.brusentcov.schoolcalculator.free,andrei.brusentcov.schoolcalculator.free
https://apkpure.com/astrogram/co.martin.uehhn,co.martin.uehhn
https://apkpure.com/neetprep-essential/com.gooded.essential,com.gooded.essential
https://apkpure.com/lingo-legend-language-learning/com.hyperthought.lingolegend,com.hyperthought.lingolegend
https://apkpure.com/my-little-pony-story-creator/com.playdatedigital.lightscamerasaction,com.playdatedigital.lightscamerasaction
https://apkpure.com/aversev-media/by.aversev.reader,by.aversev.reader
https://apkpure.com/e-mobil/com.enocta.emobilplus,com.enocta.emobilplus
https://apkpure.com/speak-english-with-loora-ai/com.loora.app,com.loora.app
https://apkpure.com/screen-translation/com.newmg.yurao.pro,com.newmg.yurao.pro
https://apkpure.com/naver-dictionary/com.nhn.android.naverdic,com.nhn.android.naverdic
https://apkpure.com/qupil-quran-lessons/com.qupil,com.qupil
https://apkpure.com/translation-video-to-english/com.subtit.player,com.subtit.player
https://apkpure.com/ibrat-academy/uz.ibrat.farzandlari,uz.ibrat.farzandlari
https://apkpure.com/speakx-learn-speak-english/yellowclass.kids.live,yellowclass.kids.live
https://apkpure.com/manuales-motos/com.johnmarin.manualesmotos,com.johnmarin.manualesmotos
https://apkpure.com/math-scanner-math-solutions/com.math.photo.scanner.equation.formula.calculator,com.math.photo.scanner.equation.formula.calculator
https://apkpure.com/%D0%BC%D0%BE%D0%B9-%D0%B4%D0%BD%D0%B5%D0%B2%D0%BD%D0%B8%D0%BA/ru.barsopen.mydiary,ru.barsopen.mydiary
https://apkpure.com/portuguese-english/com.eflasoft.porengfree,com.eflasoft.porengfree
https://apkpure.com/k53-rsa-learners-license/com.learnersandlicense,com.learnersandlicense
https://apkpure.com/instant-translate-on-screen/com.liba.translate,com.liba.translate
https://apkpure.com/%D9%88%D8%A7%D8%AC%D8%A8%D8%A7%D8%AA%D9%8A-%D8%AD%D9%84%D9%88%D9%84-%D8%A7%D9%84%D9%85%D9%86%D8%A7%D9%87%D8%AC-%D8%A7%D9%84%D8%AF%D8%B1%D8%A7%D8%B3%D9%8A%D8%A9/com.mmaseraj.wajibatii,com.mmaseraj.wajibatii
https://apkpure.com/jamb-cbt-waec-past-questions/com.myschool.cbt,com.myschool.cbt
https://apkpure.com/pddtest-kz/kz.pddtest.app,kz.pddtest.app
https://apkpure.com/speak-pal-english-practice/club.speakpal,club.speakpal
https://apkpure.com/aba-english-learn-english/com.abaenglish.videoclass,com.abaenglish.videoclass
https://apkpure.com/ar-drawing/com.aonecre.ardraw,com.aonecre.ardraw
https://apkpure.com/plant-app-plant-identifier/com.scaleup.plantid,com.scaleup.plantid
https://apkpure.com/python-coding/com.septudio.pythoncoding,com.septudio.pythoncoding
https://apkpure.com/%D8%B4%D8%B9%D9%84%D8%A9-%D8%AF%D8%B1%D9%91%D8%A8-%D8%B9%D9%82%D9%84%D9%83-%D9%8A%D9%88%D9%85%D9%8A%D8%A7%D9%8B/com.sho3lah.android,com.sho3lah.android
https://apkpure.com/pimsleur-language-learning/com.simonandschuster.pimsleur.unified.android,com.simonandschuster.pimsleur.unified.android
https://apkpure.com/boldvoice-accent-trainer/com.wellocution.androidapp,com.wellocution.androidapp
https://apkpure.com/learn-chinese-with-laoshi/io.laoshi.android.laoshi,io.laoshi.android.laoshi
https://apkpure.com/pinkfong-baby-shark-kid-games/kr.co.smartstudy.babyshark_android_googlemarket,kr.co.smartstudy.babyshark_android_googlemarket
https://apkpure.com/chineseskill-learn-chinese/com.chineseskill,com.chineseskill
https://apkpure.com/1st-12th-grade-math-problems/com.companyname.MaturaMatematyka,com.companyname.MaturaMatematyka
https://apkpure.com/unes/com.forcetower.uefs,com.forcetower.uefs
https://apkpure.com/ccode-create-your-game/com.ganin.ccode,com.ganin.ccode
https://apkpure.com/%D9%86%D8%AE%D8%AA%D9%85/com.karim.khatma,com.karim.khatma
https://apkpure.com/perlego-your-online-library/com.perlego.app,com.perlego.app
https://apkpure.com/quantum-paper/com.quantumpaper,com.quantumpaper
https://apkpure.com/skoove-learn-piano/com.skoove.piano,com.skoove.piano
https://apkpure.com/my-study-life-school-planner/com.virblue.mystudylife,com.virblue.mystudylife
https://apkpure.com/x4dr-courses/com.x4dr,com.x4dr
https://apkpure.com/zeraki-analytics/ke.co.litemore.zanalytics,ke.co.litemore.zanalytics
https://apkpure.com/%D9%81%D8%AA%D8%AD-%D8%A7%D9%84%D8%B1%D8%AD%D9%85%D9%86/org.abda.fath,org.abda.fath
https://apkpure.com/shikho/tech.shikho.android,tech.shikho.android
https://apkpure.com/%D8%A6%D8%A7%D8%B1%D8%A7%D9%85%DB%8C%D8%A7-%D8%B1%D9%88%D8%AD%DB%8E/com.Mehvan.RahatAlrooh,com.Mehvan.RahatAlrooh
https://apkpure.com/po-leung-kuk-ssd-%E4%BF%9D%E8%89%AF%E5%B1%80%E5%B9%BC%E5%85%92%E6%9C%8D%E5%8B%99/com.bullb.spc.generic.plk,com.bullb.spc.generic.plk
https://apkpure.com/the-association-of-evangelical/com.bullb.tyns,com.bullb.tyns
https://apkpure.com/hay1-m%E1%BA%A1ng-x%C3%A3-h%E1%BB%99i-h%C3%B3ng-tin/com.hay1.tintuc,com.hay1.tintuc
https://apkpure.com/mozaik3d-learning-is-fun/com.rendernet.mozaik3dviewer,com.rendernet.mozaik3dviewer
https://apkpure.com/manthathu/com.rjapps.roadsigns,com.rjapps.roadsigns
https://apkpure.com/tajweedmate-learn-quran/com.tajweedmate.androidapp,com.tajweedmate.androidapp
https://apkpure.com/baby-shark-abc-phonics-games/kr.co.smartstudy.phonicsiap_android_googlemarket,kr.co.smartstudy.phonicsiap_android_googlemarket
https://apkpure.com/beespeaker-learn-english/pl.beespeaker,pl.beespeaker
https://apkpure.com/ar-drawing-anime-sketch-trace/com.coolorplay.dragoncoloring,com.coolorplay.dragoncoloring
https://apkpure.com/learn-vietnamese-language/com.silvermoonapps.luvlingualearnfunvietnamese,com.silvermoonapps.luvlingualearnfunvietnamese
https://apkpure.com/pydroid-permissions-plugin/ru.iiec.pydroidpermissionsplugin,ru.iiec.pydroidpermissionsplugin
https://apkpure.com/spreading-gyan/com.emmihu.rwbfku,com.emmihu.rwbfku
https://apkpure.com/car-games-and-puzzles-for-kids/com.iabuzz.Puzzle4KidsVehicles,com.iabuzz.Puzzle4KidsVehicles
https://apkpure.com/endless-reader/com.originatorkids.EndlessReader,com.originatorkids.EndlessReader
https://apkpure.com/alguik/net.sid.alguik_v1,net.sid.alguik_v1
https://apkpure.com/grand-piano-and-keyboard/app.pg.grandpiano,app.pg.grandpiano
https://apkpure.com/kali-linux-master/com.Inew.ikali,com.Inew.ikali
https://apkpure.com/10-minute-school-learning-app/com.a10minuteschool.tenminuteschool,com.a10minuteschool.tenminuteschool
https://apkpure.com/cambly-english-teacher/com.cambly.cambly,com.cambly.cambly
https://apkpure.com/chemistry/com.chemistry,com.chemistry
https://apkpure.com/lotus-chess-%E2%80%93-opening-trainer/com.lotuschess.app,com.lotuschess.app
https://apkpure.com/falou-fast-language-learning/com.moymer.falou,com.moymer.falou
https://apkpure.com/iss-detector-satellite-tracker/com.runar.issdetector,com.runar.issdetector
https://apkpure.com/piano-guitar-timbro/com.waveofmusic.timbroapp,com.waveofmusic.timbroapp
https://apkpure.com/grade-10-mathematics/za.co.jsdtsolutions.grade10mathematicsmobileapplication,za.co.jsdtsolutions.grade10mathematicsmobileapplication
https://apkpure.com/progres-webetu/app.progres.webetu,app.progres.webetu
https://apkpure.com/quran-with-urdu-translation/com.QuranReading.urduquran,com.QuranReading.urduquran
https://apkpure.com/blinkist-book-summaries-daily/com.blinkslabs.blinkist.android,com.blinkslabs.blinkist.android
https://apkpure.com/po-leung-kuk-ho-sau-nan-primar/com.bullb.plkhsn,com.bullb.plkhsn
https://apkpure.com/deepstash-smarter-every-day/com.deepstash,com.deepstash
https://apkpure.com/utalk-learn-150-languages/com.eurotalk.uTalk,com.eurotalk.uTalk
https://apkpure.com/hsk-study-and-exam-%E2%80%94-supertest/com.hskonline,com.hskonline
https://apkpure.com/mathpapa-algebra-calculator/com.mathpapa.mathpapa,com.mathpapa.mathpapa
https://apkpure.com/seterra-geography/com.seterra,com.seterra
https://apkpure.com/syamaira-exam-browser/com.syamairaedu.syamaira_browser,com.syamairaedu.syamaira_browser
https://apkpure.com/learn-ethical-hacking/hacking.learnhacking.learn.hack.ethicalhacking.programming.coding,hacking.learnhacking.learn.hack.ethicalhacking.programming.coding
https://apkpure.com/osr-star-finder-find-stars/nl.DTT.OSR,nl.DTT.OSR
https://apkpure.com/brritto-learn-and-test/tech.innospace.brritto,tech.innospace.brritto
https://apkpure.com/sala-do-futuro/br.gov.sp.educacao.saladofuturo,br.gov.sp.educacao.saladofuturo
https://apkpure.com/coaching-cioaca/co.hodor.fyhld,co.hodor.fyhld
https://apkpure.com/national-test-abhyas/com.abhyas.nta.com,com.abhyas.nta.com
https://apkpure.com/leapahead-15min-book-summary/com.betterme.bookwise,com.betterme.bookwise
