https://apkpure.com/chai-chat-ai-platform-android-app/com.Beauchamp.Messenger.external,com.Beauchamp.Messenger.external
https://apkpure.com/ghost-detector-real-life-radar-2025/com.Radar.CameraReal.GhostDetector,com.Radar.CameraReal.GhostDetector
https://apkpure.com/youtube-for-android-tv-app/com.google.android.youtube.tv,com.google.android.youtube.tv
https://apkpure.com/netflix-android-2025/com.netflix.mediaclient,com.netflix.mediaclient
https://apkpure.com/polybuzz-chat-with-ai-friends-app/ai.socialapps.speakmaster,ai.socialapps.speakmaster
https://apkpure.com/tubi-movies-tv-shows-android-app/com.tubitv,com.tubitv
https://apkpure.com/disneyplus-app/com.disney.disneyplus,com.disney.disneyplus
https://apkpure.com/character-ai-app/ai.character.app,ai.character.app
https://apkpure.com/tamasha-live-cricket-movie-2025/com.spbtv.mobilinktv,com.spbtv.mobilinktv
https://apkpure.com/neku-oc-character-creator/com.stickermobi.avatarmaker,com.stickermobi.avatarmaker
https://apkpure.com/mbc-shahid/net.mbc.shahid,net.mbc.shahid
https://apkpure.com/gamehub/com.xiaoji.egggame,com.xiaoji.egggame
https://apkpure.com/google-play-games-app/com.google.android.play.games,com.google.android.play.games
https://apkpure.com/netflix-android-2025-movie/com.netflix.ninja,com.netflix.ninja
https://apkpure.com/bff-test-quiz-your-friends/com.happyverse.bfftest,com.happyverse.bfftest
https://apkpure.com/youtube-kids-android/com.google.android.apps.youtube.kids,com.google.android.apps.youtube.kids
https://apkpure.com/steam-game/com.valvesoftware.android.steam.community,com.valvesoftware.android.steam.community
https://apkpure.com/zepeto-avatar-connect-play-app/me.zepeto.main,me.zepeto.main
https://apkpure.com/demon-detector-ghost-radar/com.GamePalette.DemonDetector,com.GamePalette.DemonDetector
https://apkpure.com/%D8%A8%D8%B1%D9%86%D8%A7%D9%85%D8%AC-%D8%B4%D8%A8%D9%83%D8%AA%D9%8A/com.erthlink1.tv,com.erthlink1.tv
https://apkpure.com/freereels-pure-short-dramas/com.freereels.app,com.freereels.app
https://apkpure.com/xparty-group-voice-chat-rooms-app/com.xparty.androidapp,com.xparty.androidapp
https://apkpure.com/vk-video-beta/com.vk.vkvideo,com.vk.vkvideo
https://apkpure.com/saylo-app/com.xverse.aistory,com.xverse.aistory
https://apkpure.com/kick-live-streaming-app/com.kick.mobile,com.kick.mobile
https://apkpure.com/playstation-app-android-2025/com.scee.psxandroid,com.scee.psxandroid
https://apkpure.com/game-space-app/com.coloros.gamespaceui,com.coloros.gamespaceui
https://apkpure.com/shortmax-watch-dramas-show-app/live.shorttv.apps,live.shorttv.apps
https://apkpure.com/grand-theft-auto-v-the-manual-app/com.rockstargames.gtavmanual,com.rockstargames.gtavmanual
https://apkpure.com/talkie-creative-ai-community-app/com.weaver.app.prod,com.weaver.app.prod
https://apkpure.com/pixiv/jp.pxv.android,jp.pxv.android
https://apkpure.com/akinator-android-app/com.digidust.elokence.akinator.freemium,com.digidust.elokence.akinator.freemium
https://apkpure.com/qitv/iq.qicard.tv.prod,iq.qicard.tv.prod
https://apkpure.com/dramawave-dramas-reels-app/com.dramawave.app,com.dramawave.app
https://apkpure.com/amazon-prime-video-andorid-app/com.amazon.avod.thirdpartyclient,com.amazon.avod.thirdpartyclient
https://apkpure.com/seasoul-ai-chat/ai.seaart.seasoul,ai.seaart.seasoul
https://apkpure.com/twitch-livestream-multiplayer-games-esports-app/tv.twitch.android.app,tv.twitch.android.app
https://apkpure.com/pluto-tv-watch-free-movies-tv/tv.pluto.android,tv.pluto.android
https://apkpure.com/geforce-now-cloud-gaming-app/com.nvidia.geforcenow,com.nvidia.geforcenow
https://apkpure.com/soulmate-sketch/com.wga.soulmatesketch,com.wga.soulmatesketch
https://apkpure.com/addons-for-minecraft-android-app/com.kayenworks.mcpeaddons,com.kayenworks.mcpeaddons
https://apkpure.com/gotube-app/premium.gotube.adblock.utube,premium.gotube.adblock.utube
https://apkpure.com/netfly-tv/br.com.netfly.oletv,br.com.netfly.oletv
https://apkpure.com/emochi-unlimited-chat-with-ai/com.flow.mobile,com.flow.mobile
https://apkpure.com/ps-remote-play/com.playstation.remoteplay,com.playstation.remoteplay
https://apkpure.com/dogtok-dog-translator-2025-app/app.dogtok,app.dogtok
https://apkpure.com/who-were-you-in-past-life-tes/com.hemisoft.happytest.whoyouwere,com.hemisoft.happytest.whoyouwere
https://apkpure.com/reelshort-stream-drama-tv-app/com.newleaf.app.android.victor,com.newleaf.app.android.victor
https://apkpure.com/alien-detector-alien-radar/com.GamePalette.AlienDetector,com.GamePalette.AlienDetector
https://apkpure.com/almanasa/iq.almanasa.android,iq.almanasa.android
https://apkpure.com/xbox-app/com.microsoft.xboxone.smartglass,com.microsoft.xboxone.smartglass
https://apkpure.com/stremio-app/com.stremio.one,com.stremio.one
https://apkpure.com/%D0%BA%D0%B8%D0%BD%D0%BE%D0%BF%D0%BE%D0%B8%D1%81%D0%BA-%D1%84%D0%B8%D0%BB%D1%8C%D0%BC%D1%8B-%D0%B8-%D1%81%D0%B5%D1%80%D0%B8%D0%B0%D0%BB%D1%8B/ru.kinopoisk,ru.kinopoisk
https://apkpure.com/story-tv-watch-drama-shows/story.tv.drama.reels,story.tv.drama.reels
https://apkpure.com/rbtv/br.psi.rbt.tv3,br.psi.rbt.tv3
https://apkpure.com/myid-one-id-for-everything-2025/com.mytel.myid,com.mytel.myid
https://apkpure.com/mods-addon-skins-for-minecraft/com.lyxoto.master.forminecraftpe,com.lyxoto.master.forminecraftpe
https://apkpure.com/cato-cloud-gaming-play-gta5/com.cato.cloudgame,com.cato.cloudgame
https://apkpure.com/hbo-max-stream-tv-movies/com.wbd.stream,com.wbd.stream
https://apkpure.com/mbc-shahid/net.mbc.shahidTV,net.mbc.shahidTV
https://apkpure.com/cricinstant-cricket-scores-android-2025/com.cricinstant.cricket,com.cricinstant.cricket
https://apkpure.com/weplay-%D9%88%D9%8A%D8%A8%D9%84%D8%A7%D9%8A-%D8%A3%D9%84%D8%B9%D8%A7%D8%A8-%D9%88%D8%AF%D8%B1%D8%AF%D8%B4%D8%A9/com.wejoy.weplay.ar,com.wejoy.weplay.ar
https://apkpure.com/mistplay-play-to-earn-money-app/com.mistplay.mistplay,com.mistplay.mistplay
https://apkpure.com/maple-tv/com.espial.elevate.custom.maple,com.espial.elevate.custom.maple
https://apkpure.com/vk-video-for-android-tv/com.vk.tv,com.vk.tv
https://apkpure.com/wibuku-nonton-anime/wibuku.app.wibuku,wibuku.app.wibuku
https://apkpure.com/steam-link/com.valvesoftware.steamlink,com.valvesoftware.steamlink
https://apkpure.com/igames-psp/com.igpsp,com.igpsp
https://apkpure.com/starparks-gaming-news-videos-app/com.cga.cloudgame.platform,com.cga.cloudgame.platform
https://apkpure.com/donghub-nonton-anichin-indo/com.anichin.donghub,com.anichin.donghub
https://apkpure.com/apple-tv/com.apple.atve.androidtv.appletv,com.apple.atve.androidtv.appletv
https://apkpure.com/weplay-imposter-online/com.wejoy.weplay.us,com.wejoy.weplay.us
https://apkpure.com/youtube-tv/com.google.android.apps.youtube.unplugged,com.google.android.apps.youtube.unplugged
https://apkpure.com/weplay-party-game-chat/com.wejoy.weplay,com.wejoy.weplay
https://apkpure.com/viu-dramas-tv-shows-movies-2025/com.vuclip.viu,com.vuclip.viu
https://apkpure.com/anime-salt/com.animesalt.animewatch,com.animesalt.animewatch
https://apkpure.com/disney/com.disneyplus.mea,com.disneyplus.mea
https://apkpure.com/joyark-cloud-gaming/com.joyark.cloudgames.community,com.joyark.cloudgames.community
https://apkpure.com/rave-%E2%80%93-watch-party/com.wemesh.android,com.wemesh.android
https://apkpure.com/prime-video-android-tv/com.amazon.amazonvideo.livingroom,com.amazon.amazonvideo.livingroom
https://apkpure.com/airscreen-airplay-cast/com.ionitech.airscreen,com.ionitech.airscreen
https://apkpure.com/hotstar/in.startv.hotstartvonly,in.startv.hotstartvonly
https://apkpure.com/vix-tv-deportes-y-noticias/com.univision.prendetv,com.univision.prendetv
https://apkpure.com/dokichat-romantic-ai-chats/app.doki.dokichat,app.doki.dokichat
https://apkpure.com/vidio-sports-movies-series-app/com.vidio.android,com.vidio.android
https://apkpure.com/animelovers-v3-nonton-anime/com.aniverseid.animelovers,com.aniverseid.animelovers
https://apkpure.com/patreon-apk/com.patreon.android,com.patreon.android
https://apkpure.com/myco-powered-by-mcontent/com.mcontent,com.mcontent
https://apkpure.com/jiotv-app-2025/com.jio.jioplay.tv,com.jio.jioplay.tv
https://apkpure.com/pookie-avatar-chat/com.pookk,com.pookk
https://apkpure.com/mpt-4-u-2025/mm.com.mptvas,mm.com.mptvas
https://apkpure.com/air-horn-funny-prank-sounds/com.airhorn.funny.prank.sounds,com.airhorn.funny.prank.sounds
https://apkpure.com/imdb-movies-tv-shows-app/com.imdb.mobile,com.imdb.mobile
https://apkpure.com/alaraby-plus-for-android-tv/com.fadaatmediagroup.live.tv,com.fadaatmediagroup.live.tv
https://apkpure.com/%D0%BB%D0%B0%D0%B9%D1%82-hd-tv-%D0%BE%D0%BD%D0%BB%D0%B0%D0%B9%D0%BD-%D1%82%D0%B2-%D0%BA%D0%B0%D0%BD%D0%B0%D0%BB%D1%8B/limehd.ru.lite,limehd.ru.lite
https://apkpure.com/shasha/com.shasha.app,com.shasha.app
https://apkpure.com/voicemod/net.voicemod.soundboard,net.voicemod.soundboard
https://apkpure.com/globoplay-futebol-brasileiro/com.globo.globotv,com.globo.globotv
https://apkpure.com/quicktv-short-drama-movies/in.mohalla.quicktv,in.mohalla.quicktv
https://apkpure.com/magiccall-voice-changer-app/com.bng.magiccall,com.bng.magiccall
https://apkpure.com/hitv-k-dramas-encyclopedia-android/com.hitv.savita,com.hitv.savita
https://apkpure.com/anime-rift/com.anime.rift,com.anime.rift
https://apkpure.com/mastram-web-series-more/com.mastramwebseries.app,com.mastramwebseries.app
https://apkpure.com/viki-asian-dramas-movies/com.viki.android,com.viki.android
https://apkpure.com/disney-hotstar/in.startv.hotstar.dplus,in.startv.hotstar.dplus
https://apkpure.com/movie/com.squad.filmio,com.squad.filmio
https://apkpure.com/greentuber-block-ads-on-videos/by.green.tuber,by.green.tuber
https://apkpure.com/sony-liv-sports-entertainment-app/com.sonyliv,com.sonyliv
https://apkpure.com/building-mods-for-minecraft-android-app/com.electricfoal.buildingsformcpe,com.electricfoal.buildingsformcpe
https://apkpure.com/mods-maps-skins-for-minecraft/com.mods.maps.mine,com.mods.maps.mine
https://apkpure.com/xena-lite/com.xenalite.androidapp,com.xenalite.androidapp
https://apkpure.com/games/com.oplus.games,com.oplus.games
https://apkpure.com/love-calculator-with-name/calculadora.amor.calculadoraamor,calculadora.amor.calculadoraamor
https://apkpure.com/directv-go-i-l/com.directv.dtvlatam,com.directv.dtvlatam
https://apkpure.com/miraimind-real-otaku-energy/com.immomo.miraimind,com.immomo.miraimind
https://apkpure.com/fun-play/com.funplusplay.app,com.funplusplay.app
https://apkpure.com/000player/com.player.iptv,com.player.iptv
https://apkpure.com/raccoon-game/com.raccoongame.gamestore,com.raccoongame.gamestore
https://apkpure.com/tapmad-live-cricket-movies/com.tapmad.tapmadtv,com.tapmad.tapmadtv
https://apkpure.com/eva-ai-chat-bot/com.ifriend.app,com.ifriend.app
https://apkpure.com/weparty/com.wepartytt,com.wepartytt
https://apkpure.com/lip-fall-challenge-fun-filter/com.lips.falling.mouth.battle.funfilter.face.mash.challenge,com.lips.falling.mouth.battle.funfilter.face.mash.challenge
https://apkpure.com/stardusttv-movies-dramas/com.shdj.test,com.shdj.test
https://apkpure.com/diamond-wala-ff-redeem-code/com.diamondwalafireffmaxredeemcode,com.diamondwalafireffmaxredeemcode
https://apkpure.com/tflix/com.bromteck.tflix.streaming,com.bromteck.tflix.streaming
https://apkpure.com/netboom-cloud-gaming-pc-game/com.netboom.cloudgaming.vortex_stadia_shadow_GeForce,com.netboom.cloudgaming.vortex_stadia_shadow_GeForce
https://apkpure.com/loot-play/com.lootplay.app,com.lootplay.app
https://apkpure.com/dream11-fantasy-cricket-app/com.dream11.fantasy.cricket.football.kabaddi,com.dream11.fantasy.cricket.football.kabaddi
https://apkpure.com/selcuksportshd/com.hdsselcuksportshd.freetvapp,com.hdsselcuksportshd.freetvapp
https://apkpure.com/hulu-stream-tv-shows-movies/com.hulu.plus,com.hulu.plus
https://apkpure.com/birthday-secrets/shasunder.birthday.secrets,shasunder.birthday.secrets
https://apkpure.com/keepsolid-smartdns/com.keepsolid.keepsolidsmartdns,com.keepsolid.keepsolidsmartdns
https://apkpure.com/wetv-asian-local-drama/com.tencent.qqlivei18n,com.tencent.qqlivei18n
https://apkpure.com/taptap-lite-discover-games/com.taptap.global.lite,com.taptap.global.lite
https://apkpure.com/watch-it/com.watchit.vod,com.watchit.vod
https://apkpure.com/%D1%86%D0%B8%D1%84%D1%80%D0%BE%D0%B2%D0%BE%D0%B5-%D1%82%D0%B2-%D0%BE%D0%BD%D0%BB%D0%B0%D0%B9%D0%BD-%D0%BA%D0%B0%D0%BD%D0%B0%D0%BB%D1%8B/limehd.ru.ctv,limehd.ru.ctv
https://apkpure.com/loktv%EF%BC%9Awatch-movies-series/com.novan.morpha,com.novan.morpha
https://apkpure.com/%D8%B3%D9%8A%D9%86%D9%85%D8%A7%D9%86%D8%A7-%D8%B4%D8%A8%D9%83%D8%AA%D9%8A-%D9%84%D8%AC%D9%85%D9%8A%D8%B9-%D8%A7%D9%84%D8%B4%D8%A8%D9%83%D8%A7%D8%AA/com.companyname.webviewcin,com.companyname.webviewcin
https://apkpure.com/paramount/com.cbs.ca,com.cbs.ca
https://apkpure.com/hyper/com.myhyperz.app,com.myhyperz.app
https://apkpure.com/jiotv/com.jio.media.jiotvplus,com.jio.media.jiotvplus
https://apkpure.com/tver-%E3%83%86%E3%82%A3%E3%83%BC%E3%83%90%E3%83%BC-%E6%B0%91%E6%94%BE%E5%85%AC%E5%BC%8F%E3%83%86%E3%83%AC%E3%83%93%E9%85%8D%E4%BF%A1%E3%82%B5%E3%83%BC%E3%83%93%E3%82%B9/jp.hamitv.hamiand1,jp.hamitv.hamiand1
https://apkpure.com/hitv-k-dramas-base-camp-app/com.hitv.venom,com.hitv.venom
https://apkpure.com/mods-addons-for-minecraft-pe-app/com.ultimategamestudio.mcpecenter.mods,com.ultimategamestudio.mcpecenter.mods
https://apkpure.com/voice-changer-with-effects/com.baviux.voicechanger,com.baviux.voicechanger
https://apkpure.com/viu-korean-asian-content/com.viu.phone,com.viu.phone
https://apkpure.com/%D0%BA%D0%B8%D0%BD%D0%BE%D0%BF%D0%BE%D0%B8%D1%81%D0%BA/ru.kinopoisk.tv,ru.kinopoisk.tv
https://apkpure.com/bikii-cloud-game/com.bikii.game,com.bikii.game
https://apkpure.com/media-on-play-all-format/com.mediaon.apt,com.mediaon.apt
https://apkpure.com/anime-center-android-app/pro.anioload.animecenter,pro.anioload.animecenter
https://apkpure.com/ai-girlfriend-18/com.intimaioficial,com.intimaioficial
https://apkpure.com/celebrity-twin-funny-filter/com.celebrity.filter.look.alike,com.celebrity.filter.look.alike
https://apkpure.com/dashreels-short-movies-tv/com.dashtoon.video.reels,com.dashtoon.video.reels
https://apkpure.com/the-roku-app-official-app/com.roku.remote,com.roku.remote
https://apkpure.com/play-tube-block-ads-on-video/io.adsfree.vanced,io.adsfree.vanced
https://apkpure.com/truth-or-dare-game-party-app/com.antoinehabert.truthordaregame,com.antoinehabert.truthordaregame
https://apkpure.com/imposter-who-word-game/com.sokak.imposter,com.sokak.imposter
https://apkpure.com/onetap-play-cloud-games/com.infinitylaunch.onetap.gp,com.infinitylaunch.onetap.gp
https://apkpure.com/cinema-box-android-tv/co.albox.cinematv,co.albox.cinematv
https://apkpure.com/mango-live-go-live-streaming/com.wheat.mango,com.wheat.mango
https://apkpure.com/flow-android-tv/ar.com.flow.androidtv,ar.com.flow.androidtv
https://apkpure.com/iqiyi-video-dramas-movies-app/com.iqiyi.i18n,com.iqiyi.i18n
https://apkpure.com/avvy-vtuber-anime-avatar/com.anotherball.avvy,com.anotherball.avvy
https://apkpure.com/higo-live-enjoy-party/com.global.hiyapro,com.global.hiyapro
https://apkpure.com/telecomtv-%E2%80%94-tv-channels-online/uz.telecom.telecomtv,uz.telecom.telecomtv
https://apkpure.com/weifu-ai-character-companion/com.soulmate.ai.chat.virtual.friend.companion,com.soulmate.ai.chat.virtual.friend.companion
https://apkpure.com/dootchi/com.lucky.zootchi,com.lucky.zootchi
https://apkpure.com/zonahack-2-0/movil.app.zonahack,movil.app.zonahack
https://apkpure.com/canal-live-and-catch-up-tv-android-app/com.canal.android.canal,com.canal.android.canal
https://apkpure.com/meme-instant-buttons/com.localhostlimited.memeinstants,com.localhostlimited.memeinstants
https://apkpure.com/zonatube-for-tv/mobi.zona.lite,mobi.zona.lite
https://apkpure.com/justplay-earn-money-or-donate/com.justplay.app,com.justplay.app
https://apkpure.com/hyfun/com.hyfun.cloudgame.platform,com.hyfun.cloudgame.platform
https://apkpure.com/%D0%BB%D0%B0%D0%B9%D0%BC-hd-tv-%D1%82%D0%B2-%D0%BA%D0%B0%D0%BD%D0%B0%D0%BB%D1%8B-%D0%BE%D0%BD%D0%BB%D0%B0%D0%B9%D0%BD/com.infolink.limeiptv,com.infolink.limeiptv
https://apkpure.com/fuzztv/com.zzuf.fuzz,com.zzuf.fuzz
https://apkpure.com/istalk-chat-analysis/realbind.IsTalkApp.app,realbind.IsTalkApp.app
https://apkpure.com/kalostv/com.kwshortvideo.kalostv,com.kwshortvideo.kalostv
https://apkpure.com/airtel-xstream-movies-shows/tv.accedo.airtel.wynk,tv.accedo.airtel.wynk
https://apkpure.com/dailymotion-app/com.dailymotion.dailymotion,com.dailymotion.dailymotion
https://apkpure.com/fundrama-funny-drama/com.pointsculture.fundrama,com.pointsculture.fundrama
https://apkpure.com/chai-shots-telugu-microdramas/com.chaiShots,com.chaiShots
https://apkpure.com/op-preview-skin/com.sopinje.tct,com.sopinje.tct
https://apkpure.com/spin-the-wheel-random-picker/com.spinthewheeldecider,com.spinthewheeldecider
https://apkpure.com/vivamax-vmx/com.viva.vivamax,com.viva.vivamax
https://apkpure.com/paramount/com.cbs.app,com.cbs.app
https://apkpure.com/movie-downloader/com.movie.hd.movies,com.movie.hd.movies
https://apkpure.com/cloud-phone-cloud-gaming/com.nianwei.cloudphone,com.nianwei.cloudphone
https://apkpure.com/hapi-live-group-voice-chat/com.mejoy.hapi,com.mejoy.hapi
https://apkpure.com/ottplayer/es.ottplayer.tv,es.ottplayer.tv
https://apkpure.com/rp725/rp.rp725,rp.rp725
https://apkpure.com/craft-addons-for-minecraft-pe/com.xiaoruo.craftmods,com.xiaoruo.craftmods
https://apkpure.com/premier-%D1%81%D0%B5%D1%80%D0%B8%D0%B0%D0%BB%D1%8B-%D1%84%D0%B8%D0%BB%D1%8C%D0%BC%D1%8B-%D1%88%D0%BE%D1%83/gpm.tnt_premier,gpm.tnt_premier
https://apkpure.com/iptv-smart-player/com.iptv.smart.player,com.iptv.smart.player
https://apkpure.com/sabc/tv.sabcplus.vod,tv.sabcplus.vod
https://apkpure.com/animal-face-face-types-test/com.animalface.filter,com.animalface.filter
https://apkpure.com/alaraby-plus/com.fadaatmediagroup.live,com.fadaatmediagroup.live
https://apkpure.com/remote-gamepad/com.remotegamepad,com.remotegamepad
https://apkpure.com/%E1%80%80%E1%80%BB%E1%80%BD%E1%80%B2%E1%80%82%E1%80%AD%E1%80%99%E1%80%BA%E1%80%B8-%E1%80%85%E1%80%9C%E1%80%B1%E1%80%AC%E1%80%B7/com.artkhayar.aphogyislot,com.artkhayar.aphogyislot
https://apkpure.com/fake-chat-chatsmock-text-prank/com.applylabs.whatsmock.free,com.applylabs.whatsmock.free
https://apkpure.com/bimobimo/com.beemo.ai.flutter_beemo,com.beemo.ai.flutter_beemo
https://apkpure.com/flow/ar.com.cablevision.attv.android.myminerva,ar.com.cablevision.attv.android.myminerva
https://apkpure.com/dstv/com.dstvmobile.android,com.dstvmobile.android
https://apkpure.com/spacetoon-go-anime-cartoons/com.spacetoon.vod,com.spacetoon.vod
https://apkpure.com/igames-psx/app.igames,app.igames
https://apkpure.com/litmatch-lite/com.litatom.lite,com.litatom.lite
https://apkpure.com/scoopz-real-life-real-videos/com.localaiapp.scoops,com.localaiapp.scoops
https://apkpure.com/stick-nodes-animation/org.fortheloss.sticknodes,org.fortheloss.sticknodes
https://apkpure.com/sur-movies/com.surmovies.app,com.surmovies.app
https://apkpure.com/%D8%AC%D9%88%D8%A7%D9%87%D8%B1-%D8%A7%D8%B1%D8%A8%D8%AD-%D9%85%D8%B9-%D8%AF%D8%B1%D8%A7%D8%BA%D9%88%D9%86%D9%88%D9%81/com.jawaher.ff,com.jawaher.ff
https://apkpure.com/kanali-im/com.kanaliim.app,com.kanaliim.app
https://apkpure.com/vidio-tv-sport-movie-series/com.vidio.android.tv,com.vidio.android.tv
https://apkpure.com/%D1%8D%D1%84%D0%B8%D1%80-%D1%82%D0%B2-%D1%82%D0%B5%D0%BB%D0%B5%D0%B2%D0%B8%D0%B7%D0%BE%D1%80-%D0%BE%D0%BD%D0%BB%D0%B0%D0%B9%D0%BD/limehd.ru.ctvshka,limehd.ru.ctvshka
https://apkpure.com/master-for-minecraft-mods/mcpemaster.minecraftmaps.minecraftmods,mcpemaster.minecraftmaps.minecraftmods
https://apkpure.com/%E6%9A%A2%E8%AE%80%E7%86%B1%E5%8A%87/com.changdu.mobovideo,com.changdu.mobovideo
https://apkpure.com/fantasia-ai-dream-companion/com.fantasia.ai,com.fantasia.ai
https://apkpure.com/joyit-play-earn-money/game.joyit.welfare,game.joyit.welfare
https://apkpure.com/damovie-movies-and-series-tv/zero.film.lite,zero.film.lite
https://apkpure.com/hotstar-indian-movies-tv-sh/in.startv.hotstaronly,in.startv.hotstaronly
https://apkpure.com/taqtaqah-%D8%B7%D9%82%D8%B7%D9%82%D8%A9/com.daregame,com.daregame
https://apkpure.com/dreamface-ai-photo-animator/com.dreamapp.dubhe,com.dreamapp.dubhe
https://apkpure.com/disney-plus-hotstar-for-android-tv/in.startv.hotstar.dplus.tv,in.startv.hotstar.dplus.tv
https://apkpure.com/lumina-player/com.inorain.lumina,com.inorain.lumina
https://apkpure.com/movie-plus-movies-tv/com.moviesplus.traillermoviestvshow,com.moviesplus.traillermoviestvshow
https://apkpure.com/livenet-tv/br.com.redelivenet.tv.mobile,br.com.redelivenet.tv.mobile
https://apkpure.com/iptv-blink-player/com.iptvBlinkPlayer,com.iptvBlinkPlayer
https://apkpure.com/mini-episode/com.miniepisode,com.miniepisode
https://apkpure.com/hidive/com.hidive.android,com.hidive.android
https://apkpure.com/cuphead-pocket-helpmate/com.playbench.cuphead,com.playbench.cuphead
https://apkpure.com/peacock-tv-stream-tv-movies/com.peacocktv.peacockandroid,com.peacocktv.peacockandroid
https://apkpure.com/mytv-super-watch-tv-and-news/com.tvb.mytvsuper,com.tvb.mytvsuper
https://apkpure.com/lovenasha/com.vlv.aravali.lovenasha,com.vlv.aravali.lovenasha
https://apkpure.com/japanese-movies-hd/apps.rameen.JapaneseMoviesHD,apps.rameen.JapaneseMoviesHD
https://apkpure.com/hypecraft/com.ssspiral.hypecraft,com.ssspiral.hypecraft
https://apkpure.com/tinyfun/com.tiny.tinyfun,com.tiny.tinyfun
https://apkpure.com/stc-tv/net.gadm.tv,net.gadm.tv
https://apkpure.com/iqiyi-video-for-tv-dramas-movies/com.iqiyi.i18n.tv,com.iqiyi.i18n.tv
https://apkpure.com/hungama-movies-music-podcasts/com.hungama.myplay.activity,com.hungama.myplay.activity
https://apkpure.com/youku-drama-film-show-anime/com.youku.international.phone,com.youku.international.phone
https://apkpure.com/oneplus-games-app/com.oneplus.gamespace,com.oneplus.gamespace
https://apkpure.com/animeland/com.techx2.animeland,com.techx2.animeland
https://apkpure.com/mx-player-online-ott-videos/com.mxtech.videoplayer.online,com.mxtech.videoplayer.online
https://apkpure.com/t-tan-hydra/com.titan.hydra,com.titan.hydra
https://apkpure.com/yango-play-movies-and-series/com.yango.saft.tv,com.yango.saft.tv
https://apkpure.com/1001-tv/tv.app1001.android,tv.app1001.android
https://apkpure.com/tabii/com.trt.tabii.android,com.trt.tabii.android
https://apkpure.com/what-is-my-name-meaning/my.name.meaning,my.name.meaning
https://apkpure.com/shadow-pc/com.blade.shadowcloudgaming,com.blade.shadowcloudgaming
https://apkpure.com/rosytalk-ai-character-chat/com.rosytalk.ai,com.rosytalk.ai
https://apkpure.com/swift-tv/com.thegermanemedia.playswift_tv,com.thegermanemedia.playswift_tv
https://apkpure.com/starzplay/com.parsifal.starz,com.parsifal.starz
https://apkpure.com/vodu-%D9%81%D9%88%D8%AF%D9%88/com.erthlink2.tv,com.erthlink2.tv
https://apkpure.com/skinape-for-robux/com.efezgames.buxape,com.efezgames.buxape
https://apkpure.com/osn/com.osn.go,com.osn.go
https://apkpure.com/nintendo-switch-online/com.nintendo.znca,com.nintendo.znca
https://apkpure.com/monomax-%E0%B8%9A%E0%B8%A3%E0%B8%B4%E0%B8%81%E0%B8%B2%E0%B8%A3%E0%B8%94%E0%B8%B9%E0%B8%AB%E0%B8%99%E0%B8%B1%E0%B8%87%E0%B8%AD%E0%B8%AD%E0%B8%99%E0%B9%84%E0%B8%A5%E0%B8%99%E0%B9%8C/com.doonung.activity,com.doonung.activity
https://apkpure.com/paraguay-play/paraguay.play5,paraguay.play5
https://apkpure.com/flextv-short-dramas-reels-tv/com.aytech.flextv,com.aytech.flextv
https://apkpure.com/yahlive-go-live-in-a-tap/com.gijoy.yah.live,com.gijoy.yah.live
https://apkpure.com/dubbing-ai-ai-voice-changer/com.gerzz.dubbingai,com.gerzz.dubbingai
https://apkpure.com/baat-live-video-voice-room/com.baatlive.sgvie,com.baatlive.sgvie
https://apkpure.com/cleo-mod-master/com.craftgamedev.cleomodmaster,com.craftgamedev.cleomodmaster
https://apkpure.com/toffee-tv-sports-and-drama/com.banglalink.toffee,com.banglalink.toffee
https://apkpure.com/bubume/com.bubume.drama,com.bubume.drama
