https://apkpure.com/shein-fashion-shopping-online-for-android/com.zzkko,com.zzkko
https://apkpure.com/wildberries/com.wildberries.ru,com.wildberries.ru
https://apkpure.com/amazon-shopping/com.amazon.mShop.android.shopping,com.amazon.mShop.android.shopping
https://apkpure.com/jiomart-online-shopping-app/com.jpl.jiomart,com.jpl.jiomart
https://apkpure.com/shopee-id/com.shopee.id,com.shopee.id
https://apkpure.com/lidl-plus/com.lidl.eci.lidlplus,com.lidl.eci.lidlplus
https://apkpure.com/lazada-6-6-super-wow-bargains/com.lazada.android,com.lazada.android
https://apkpure.com/checkers-sixty60/za.co.shoprite.sixty60,za.co.shoprite.sixty60
https://apkpure.com/trendyol-online-al%C4%B1%C5%9Fveri%C5%9F/trendyol.com,trendyol.com
https://apkpure.com/vinted-buy-and-sell-clothes/fr.vinted,fr.vinted
https://apkpure.com/alibaba-com-b2b-marketplace/com.alibaba.intl.android.apps.poseidon,com.alibaba.intl.android.apps.poseidon
https://apkpure.com/ozon-%D1%82%D0%BE%D0%B2%D0%B0%D1%80%D1%8B-%D0%BE%D0%B4%D0%B5%D0%B6%D0%B4%D0%B0-%D0%B1%D0%B8%D0%BB%D0%B5%D1%82%D1%8B/ru.ozon.app.android,ru.ozon.app.android
https://apkpure.com/shopee-vn/com.shopee.vn,com.shopee.vn
https://apkpure.com/%E9%97%B2%E9%B1%BC/com.taobao.idlefish,com.taobao.idlefish
https://apkpure.com/aliexpress/com.alibaba.aliexpresshd,com.alibaba.aliexpresshd
https://apkpure.com/mercado-libre-compras-online/com.mercadolibre,com.mercadolibre
https://apkpure.com/sahibinden-alsatkiralakesfet/com.sahibinden,com.sahibinden
https://apkpure.com/%E4%BA%AC%E4%B8%9C/com.jingdong.app.mall,com.jingdong.app.mall
https://apkpure.com/tiktok-shop-seller-center/com.tiktokshop.seller,com.tiktokshop.seller
https://apkpure.com/daraz-online-shopping-app/com.daraz.android,com.daraz.android
https://apkpure.com/biedronka-shakeomat-gazetki/pl.jmpolska.clos0.mojabiedronka,pl.jmpolska.clos0.mojabiedronka
https://apkpure.com/daha-daha/com.cocacola.dahadaha,com.cocacola.dahadaha
https://apkpure.com/autodoc-buy-car-parts-online/de.autodoc.gmbh,de.autodoc.gmbh
https://apkpure.com/shopee-8-8-fashion-beauty/com.shopee.my,com.shopee.my
https://apkpure.com/shopee-8-8-double-sale/com.shopee.th,com.shopee.th
https://apkpure.com/pick-n-pay-asap-smartshopper/za.co.pnp.smartshopper,za.co.pnp.smartshopper
https://apkpure.com/%D1%8F%D0%BD%D0%B4%D0%B5%D0%BA%D1%81-%D0%BC%D0%B0%D1%80%D0%BA%D0%B5%D1%82-%D0%B7%D0%B4%D0%B5%D1%81%D1%8C-%D0%BF%D0%BE%D0%BA%D1%83%D0%BF%D0%B0%D1%8E%D1%82/ru.beru.android,ru.beru.android
https://apkpure.com/goofish-selling-buying/com.igoofish.fleamarket4Android,com.igoofish.fleamarket4Android
https://apkpure.com/noon-online-shopping-grocery/com.noon.buyerapp,com.noon.buyerapp
https://apkpure.com/flipkart-online-shopping-app/com.flipkart.android,com.flipkart.android
https://apkpure.com/kleinanzeigen-without-ebay/com.ebay.kleinanzeigen,com.ebay.kleinanzeigen
https://apkpure.com/turkcell/com.ttech.android.onlineislem,com.ttech.android.onlineislem
https://apkpure.com/aliexpress-%D0%B8%D0%BD%D1%82%D0%B5%D1%80%D0%BD%D0%B5%D1%82-%D0%BC%D0%B0%D0%B3%D0%B0%D0%B7%D0%B8%D0%BD/ru.aliexpress.buyer,ru.aliexpress.buyer
https://apkpure.com/walmart-shopping-savings/com.walmart.android,com.walmart.android
https://apkpure.com/%E8%9D%A6%E7%9A%AE%E8%B3%BC%E7%89%A9-%E8%8A%B1%E5%BE%97%E6%9B%B4%E5%B0%91%E8%B2%B7%E5%BE%97%E6%9B%B4%E5%A5%BD/com.shopee.tw,com.shopee.tw
https://apkpure.com/mi-store/com.mi.global.shop,com.mi.global.shop
https://apkpure.com/takealot-%E2%80%93-online-shopping-app/fi.android.takealot,fi.android.takealot
https://apkpure.com/jumia-online-shopping/com.jumia.android,com.jumia.android
https://apkpure.com/nike-shoes-apparel-stories/com.nike.omega,com.nike.omega
https://apkpure.com/a-li-ba-ba/com.alibaba.wireless,com.alibaba.wireless
https://apkpure.com/time-to-riff/com.i360.timetoriff,com.i360.timetoriff
https://apkpure.com/cheers-app/br.com.cheers.cheers_app,br.com.cheers.cheers_app
https://apkpure.com/amazon-india-shop-pay-minitv/in.amazon.mShop.android.shopping,in.amazon.mShop.android.shopping
https://apkpure.com/plug-shop-tech/co.tapcart.app.id_ibShsV65Gu,co.tapcart.app.id_ibShsV65Gu
https://apkpure.com/zara/com.inditex.zara,com.inditex.zara
https://apkpure.com/riverty-is-the-new-afterpay/com.arvato.myafterpay,com.arvato.myafterpay
https://apkpure.com/shopee-lite-shop-online/com.shopee.lite.id,com.shopee.lite.id
https://apkpure.com/shopback-shop-earn-pay/com.shopback.app,com.shopback.app
https://apkpure.com/dhgate-online-wholesale-stores/com.dhgate.buyermob,com.dhgate.buyermob
https://apkpure.com/atome-ph-buy-now-pay-later/ph.atome.paylater,ph.atome.paylater
https://apkpure.com/action/com.action.consumerapp,com.action.consumerapp
https://apkpure.com/carry1st-shop-vouchers/com.carry1st.shop,com.carry1st.shop
https://apkpure.com/allegro-shopping-online/pl.allegro,pl.allegro
https://apkpure.com/leboncoin-petites-annonces/fr.leboncoin,fr.leboncoin
https://apkpure.com/%D8%A7%D9%84%D8%B3%D9%88%D9%82-%D8%A7%D9%84%D9%85%D9%81%D8%AA%D9%88%D8%AD-opensooq/com.opensooq.OpenSooq,com.opensooq.OpenSooq
https://apkpure.com/joom-shopping-for-every-day/com.joom,com.joom
https://apkpure.com/%E3%83%95%E3%83%AA%E3%83%9E%E3%82%A2%E3%83%97%E3%83%AA%E3%81%AF%E3%83%A1%E3%83%AB%E3%82%AB%E3%83%AA-%E3%83%A1%E3%83%AB%E3%83%9A%E3%82%A4%E3%81%AE%E3%82%B9%E3%83%9E%E3%83%9B%E6%B1%BA%E6%B8%88%E3%81%A7%E3%82%82%E3%81%A3%E3%81%A8%E3%81%8A%E5%BE%97/com.kouzoh.mercari,com.kouzoh.mercari
https://apkpure.com/shop-all-your-favorite-brands/com.shopify.arrive,com.shopify.arrive
https://apkpure.com/ultrabox/br.com.ultrabox,br.com.ultrabox
https://apkpure.com/coupang-mobile-shopping/com.coupang.mobile,com.coupang.mobile
https://apkpure.com/android-market/com.google.android.finsky,com.google.android.finsky
https://apkpure.com/yaga-sell-buy-fashion/com.yaga.yagashop,com.yaga.yagashop
https://apkpure.com/netto-app/com.valuephone.vpnetto,com.valuephone.vpnetto
https://apkpure.com/%D0%B0%D0%B2%D1%82%D0%BE-%D1%80%D1%83-%D0%BA%D1%83%D0%BF%D0%B8%D1%82%D1%8C-%D0%B8-%D0%BF%D1%80%D0%BE%D0%B4%D0%B0%D1%82%D1%8C-%D0%B0%D0%B2%D1%82%D0%BE/ru.auto.ara,ru.auto.ara
https://apkpure.com/shoprite-sa/za.co.shoprite.shopriteeezicoupon,za.co.shoprite.shopriteeezicoupon
https://apkpure.com/zalando-%E2%80%93-online-fashion-store/de.zalando.mobile,de.zalando.mobile
https://apkpure.com/lcw-%E2%80%93-online-shopping/com.lcwaikiki.android,com.lcwaikiki.android
https://apkpure.com/subito-compra-e-vendi-usato/it.subito,it.subito
https://apkpure.com/my-nintendo/com.nintendo.znej,com.nintendo.znej
https://apkpure.com/eurospin/it.eurospin.mobileapp,it.eurospin.mobileapp
https://apkpure.com/iherb-vitamins-supplements/com.iherb,com.iherb
https://apkpure.com/ikman-everything-sells/lk.ikman,lk.ikman
https://apkpure.com/%C5%BCappka-zakupy-promocje-%C5%BCabka/pl.zabka.apb2c,pl.zabka.apb2c
https://apkpure.com/mr-price/za.com.mrp,za.com.mrp
https://apkpure.com/mein-dm/de.dm.meindm.android,de.dm.meindm.android
https://apkpure.com/depop-buy-sell-clothes-app/com.depop,com.depop
https://apkpure.com/adidas-shop-shoes-clothing/com.adidas.app,com.adidas.app
https://apkpure.com/wish-shop-and-save/com.contextlogic.wish,com.contextlogic.wish
https://apkpure.com/ikea/com.ingka.ikea.app,com.ingka.ikea.app
https://apkpure.com/hepsiburada-online-shopping/com.pozitron.hepsiburada,com.pozitron.hepsiburada
https://apkpure.com/%E6%A5%BD%E5%A4%A9%E5%B8%82%E5%A0%B4-%E3%82%B7%E3%83%A7%E3%83%83%E3%83%94%E3%83%B3%E3%82%B0%E3%82%A2%E3%83%97%E3%83%AA/jp.co.rakuten.android,jp.co.rakuten.android
https://apkpure.com/%D0%BA%D1%83%D1%84%D0%B0%D1%80-%D1%82%D0%BE%D0%B2%D0%B0%D1%80%D1%8B-%D0%BA%D0%B2%D0%B0%D1%80%D1%82%D0%B8%D1%80%D1%8B-%D0%B0%D0%B2%D1%82%D0%BE/se.scmv.belarus,se.scmv.belarus
https://apkpure.com/h-m/com.hm.goe,com.hm.goe
https://apkpure.com/asda-rewards/com.asda.rewards,com.asda.rewards
https://apkpure.com/dolap/com.dolap.android,com.dolap.android
https://apkpure.com/samsung-shop/com.samsung.ecomm.global.gbr,com.samsung.ecomm.global.gbr
https://apkpure.com/%D8%AD%D8%B1%D8%A7%D8%AC-haraj/com.haraj.app,com.haraj.app
https://apkpure.com/myrunway-sa-fashion-shopping/io.flatcircle.runwaysaleandroid,io.flatcircle.runwaysaleandroid
https://apkpure.com/costco-wholesale/com.costco.app.android,com.costco.app.android
https://apkpure.com/%D0%B5%D0%B4%D0%B0%D0%B4%D0%B8%D0%BB-%D1%81%D0%BA%D0%B8%D0%B4%D0%BA%D0%B8-%D0%B2-%D0%BC%D0%B0%D0%B3%D0%B0%D0%B7%D0%B8%D0%BD%D0%B0%D1%85/com.edadeal.android,com.edadeal.android
https://apkpure.com/cepte-%C5%9Fok/com.positive.ceptesok,com.positive.ceptesok
https://apkpure.com/savana-uk-fashion/com.savana.me,com.savana.me
https://apkpure.com/droprich/com.DP.Droprich,com.DP.Droprich
https://apkpure.com/penny-rom%C3%A2nia/ro.penny.app,ro.penny.app
https://apkpure.com/whatnot-shop-sell-connect/com.whatnot_mobile,com.whatnot_mobile
https://apkpure.com/mercari-buy-and-sell-app/com.mercariapp.mercari,com.mercariapp.mercari
https://apkpure.com/willhaben/at.willhaben,at.willhaben
https://apkpure.com/decathlon-sports-shopping/com.decathlon.app,com.decathlon.app
https://apkpure.com/josepha/com.josepha,com.josepha
https://apkpure.com/rossmann-pl/pl.com.rossmann.centauros,pl.com.rossmann.centauros
https://apkpure.com/somon-%D0%BE%D0%B1%D1%8A%D1%8F%D0%B2%D0%BB%D0%B5%D0%BD%D0%B8%D1%8F/tj.somon.somontj,tj.somon.somontj
https://apkpure.com/mymg-tn/com.magasingeneral.mymg,com.magasingeneral.mymg
https://apkpure.com/mediaexpert/pl.mediaexpert.app,pl.mediaexpert.app
https://apkpure.com/koko-buy-now-pay-later/com.sl.koko.bnpl,com.sl.koko.bnpl
https://apkpure.com/media-markt-t%C3%BCrkiye/tr.com.media.markt,tr.com.media.markt
https://apkpure.com/jarir-bookstore/com.jarirbookstore.JBMarketingApp,com.jarirbookstore.JBMarketingApp
https://apkpure.com/prom-ua-online-shopping-app/ua.prom.b2c,ua.prom.b2c
https://apkpure.com/gumtree-sa-buy-sell-save/com.ebay.gumtree.za,com.ebay.gumtree.za
https://apkpure.com/sinsay-moda-i-zakupy-online/com.lppsa.app.sinsay,com.lppsa.app.sinsay
https://apkpure.com/clicks/za.co.deloittedigital.clicks,za.co.deloittedigital.clicks
https://apkpure.com/trendyolmilla/com.trendyol.milla.android,com.trendyol.milla.android
https://apkpure.com/emag-cump%C4%83r%C4%83turi-online/ro.emag.android,ro.emag.android
https://apkpure.com/m%C3%B3j-lewiatan/pl.lewiatan.mojlewiatan,pl.lewiatan.mojlewiatan
https://apkpure.com/shop-samsung/com.samsung.ecomm,com.samsung.ecomm
https://apkpure.com/shell-asia/com.shell.sitibv.shellgoplusindia,com.shell.sitibv.shellgoplusindia
https://apkpure.com/mykasih/com.dialog.mykasih,com.dialog.mykasih
https://apkpure.com/%E3%81%97%E3%81%9A%E3%83%88%E3%82%AF%E5%95%86%E5%93%81%E5%88%B8/jp.premium_control.shizuoka,jp.premium_control.shizuoka
https://apkpure.com/carrefour-drive-livraison/com.carrefour.fid.android,com.carrefour.fid.android
https://apkpure.com/alfagift-alfamart-online-shop/com.alfamart.alfagift,com.alfamart.alfagift
https://apkpure.com/yesstyle-fashion-beauty/com.yesstyle.android,com.yesstyle.android
https://apkpure.com/back-market-buy-sell-easy/com.backmarket,com.backmarket
https://apkpure.com/turkcell-north-cyprus/com.kktcell.onlineservices2,com.kktcell.onlineservices2
https://apkpure.com/doorian-global/com.kcs.doorianglobal,com.kcs.doorianglobal
https://apkpure.com/nahdi/com.nahdi.main,com.nahdi.main
https://apkpure.com/evar/com.astor.loyalty.mobile.evar,com.astor.loyalty.mobile.evar
https://apkpure.com/%D1%81%D0%BF%D0%BE%D1%80%D1%82%D0%BC%D0%B0%D1%81%D1%82%D0%B5%D1%80-%D0%B8%D0%BD%D1%82%D0%B5%D1%80%D0%BD%D0%B5%D1%82-%D0%BC%D0%B0%D0%B3%D0%B0%D0%B7%D0%B8%D0%BD/ru.sportmaster.app,ru.sportmaster.app
https://apkpure.com/keells-nexus/com.keellsnexus.lk,com.keellsnexus.lk
https://apkpure.com/myntra-fashion-shopping-app/com.myntra.android,com.myntra.android
https://apkpure.com/payback-karte-und-coupons/de.payback.client.android,de.payback.client.android
https://apkpure.com/zona/it.digitelematica.ebsn.sidal,it.digitelematica.ebsn.sidal
https://apkpure.com/akulaku-%E2%80%94-shop-on-installment/io.silvrr.installment,io.silvrr.installment
https://apkpure.com/atome-my-buy-now-pay-later/my.atome.paylater,my.atome.paylater
https://apkpure.com/%D0%B0%D0%B7%D1%81-%D1%82%D0%B0%D0%B8%D1%84-%D0%BD%D0%BA/ru.manzanagroup.taif,ru.manzanagroup.taif
https://apkpure.com/getir-groceries-in-minutes/com.getir,com.getir
https://apkpure.com/milanuncios-segunda-mano/com.muba.anuncios,com.muba.anuncios
https://apkpure.com/oppo-store/com.heytap.mall,com.heytap.mall
https://apkpure.com/nl-store-2-0/com.nlstar.app,com.nlstar.app
https://apkpure.com/%E5%BE%97%E7%89%A9/com.shizhuang.duapp,com.shizhuang.duapp
https://apkpure.com/superbalist-shopping-app/com.superbalist.android,com.superbalist.android
https://apkpure.com/defacto-clothing-shopping/com.defacto.android,com.defacto.android
https://apkpure.com/shopsy-shopping-app-flipkart/com.flipkart.shopsy,com.flipkart.shopsy
https://apkpure.com/bi%CC%87m/com.bim.market,com.bim.market
https://apkpure.com/rejeki-jaya-tehnik/com.rejekijayatehnik,com.rejekijayatehnik
https://apkpure.com/intermarch%C3%A9-drive-livraison/fr.stime.mcommerce,fr.stime.mcommerce
https://apkpure.com/migros-grocery-food/com.inomera.sm,com.inomera.sm
https://apkpure.com/kupujemprodajem/com.kupujemprodajem.android,com.kupujemprodajem.android
https://apkpure.com/lalafo-online-shopping-app/com.lalafo,com.lalafo
https://apkpure.com/likecard-gift-games-cards/com.like.likecard,com.like.likecard
https://apkpure.com/loja-online-samsung/com.samsung.shop,com.samsung.shop
https://apkpure.com/shopee-feliz-d%C3%ADa-de-las-madre/com.shopee.mx,com.shopee.mx
https://apkpure.com/about-you-online-fashion-shop/de.aboutyou.mobile.app,de.aboutyou.mobile.app
https://apkpure.com/gratis/com.gratis.android,com.gratis.android
https://apkpure.com/markaz-resell-and-earn-money/com.markaz.app,com.markaz.app
https://apkpure.com/allall-ru-%D1%82%D0%BA-%C2%AB%D1%81%D0%B0%D0%B4%D0%BE%D0%B2%D0%BE%D0%B4%C2%BB/ru.allall.market,ru.allall.market
https://apkpure.com/bershka-fashion-trends/com.inditex.ecommerce.bershka,com.inditex.ecommerce.bershka
https://apkpure.com/pazarama/tr.com.topkapidanismanlik.pazarama.app,tr.com.topkapidanismanlik.pazarama.app
https://apkpure.com/varsity-vibe/com.varsityvibeapp,com.varsityvibeapp
https://apkpure.com/rozetka-%E2%80%94-online-marketplace/ua.com.rozetka.shop,ua.com.rozetka.shop
https://apkpure.com/mi-claro/com.claro.miclaro,com.claro.miclaro
https://apkpure.com/uds-app/com.setinbox.game,com.setinbox.game
https://apkpure.com/detsky-mir/ru.detmir.dmbonus,ru.detmir.dmbonus
https://apkpure.com/dns-shop/ru.dns.shop.android,ru.dns.shop.android
https://apkpure.com/bikroy-everything-sells/com.bikroy,com.bikroy
https://apkpure.com/oli%E2%80%99s/co.shopney.olisuae,co.shopney.olisuae
https://apkpure.com/revibe-renewed-electronics/com.revibe.mobile,com.revibe.mobile
https://apkpure.com/kazand%C4%B1rio/com.pepsico.kazandirio,com.pepsico.kazandirio
https://apkpure.com/sendo-ch%E1%BB%A3-c%E1%BB%A7a-ng%C6%B0%E1%BB%9Di-vi%E1%BB%87t/com.sendo,com.sendo
https://apkpure.com/oraimo-store/com.transsion.oraimostore,com.transsion.oraimostore
https://apkpure.com/m%C3%BCller/at.helloagain.muellerde,at.helloagain.muellerde
https://apkpure.com/cdek-delivery-of-your-parcels/com.logistic.sdek,com.logistic.sdek
https://apkpure.com/uniqlo%E3%82%A2%E3%83%97%E3%83%AA-%E3%83%A6%E3%83%8B%E3%82%AF%E3%83%AD%E3%82%A2%E3%83%97%E3%83%AA/com.uniqlo.ja.catalogue,com.uniqlo.ja.catalogue
https://apkpure.com/%E3%83%9E%E3%83%84%E3%82%AD%E3%83%A8%E3%82%B3%E3%82%B3%E3%82%AB%E3%83%A9%E5%85%AC%E5%BC%8F%E3%82%A2%E3%83%97%E3%83%AA/jp.co.matsukiyococokara.app,jp.co.matsukiyococokara.app
https://apkpure.com/birmarket-online-shopping-app/com.competo.umicoloy,com.competo.umicoloy
https://apkpure.com/klik-indomaret/com.indomaret.klikindomaret,com.indomaret.klikindomaret
https://apkpure.com/joybuy-don-t-just-buy/com.joybuy.jdi,com.joybuy.jdi
https://apkpure.com/idealo-price-comparison-app/de.idealo.android,de.idealo.android
https://apkpure.com/2dehands/be.tweedehands.m,be.tweedehands.m
https://apkpure.com/oppo-store/com.heytap.store,com.heytap.store
https://apkpure.com/unegui-mn/com.larixon.uneguimn,com.larixon.uneguimn
https://apkpure.com/lounge-by-zalando-outlet/de.zalando.lounge,de.zalando.lounge
https://apkpure.com/fashion-nova/co.tapcart.app.npQt0DXZpj,co.tapcart.app.npQt0DXZpj
https://apkpure.com/cho-tot-chuy%C3%AAn-mua-b%C3%A1n-online/com.chotot.vn,com.chotot.vn
https://apkpure.com/flo/com.flo.ayakkabi,com.flo.ayakkabi
https://apkpure.com/%E3%83%A4%E3%83%9E%E3%83%80%E3%83%87%E3%82%B8%E3%82%BF%E3%83%AB%E4%BC%9A%E5%93%A1/jp.co.unisys.android.yamadamobile,jp.co.unisys.android.yamadamobile
https://apkpure.com/fix-price-%D0%B4%D0%BE%D1%81%D1%82%D0%B0%D0%B2%D0%BA%D0%B0-%D1%81%D0%B0%D0%BC%D0%BE%D0%B2%D1%8B%D0%B2%D0%BE%D0%B7/ru.bestprice.fixprice,ru.bestprice.fixprice
https://apkpure.com/chicpoint/com.chic.point,com.chic.point
https://apkpure.com/marjane/com.marjane.app,com.marjane.app
https://apkpure.com/gu-us-clothes-shopping/com.osharemaker,com.osharemaker
https://apkpure.com/khmer24/khmer24.com,khmer24.com
https://apkpure.com/%D0%BC-%D0%B2%D0%B8%D0%B4%D0%B5%D0%BE-%D0%BE%D0%BD%D0%BB%D0%B0%D0%B9%D0%BD-%D0%BC%D0%B0%D1%80%D0%BA%D0%B5%D1%82%D0%BF%D0%BB%D0%B5%D0%B9%D1%81/ru.filit.mvideo.b2c,ru.filit.mvideo.b2c
https://apkpure.com/iceland-bonus-card/com.iceland.android,com.iceland.android
https://apkpure.com/koupon-real-deals-codes/com.kouponai,com.kouponai
https://apkpure.com/poizon-authentic-fashion/com.shizhuang.poizon.hk,com.shizhuang.poizon.hk
https://apkpure.com/panda-%D8%A8%D9%86%D8%AF%D9%87/com.todoorstep.store,com.todoorstep.store
https://apkpure.com/citymall-online-shopping-app/live.citymall.customer.prod,live.citymall.customer.prod
https://apkpure.com/%C3%A7i%C3%A7eksepeti-online-al%C4%B1%C5%9Fveri%C5%9F/com.ciceksepeti.ciceksepeti,com.ciceksepeti.ciceksepeti
https://apkpure.com/copart-online-auto-auctions/com.copart.membermobile,com.copart.membermobile
https://apkpure.com/daraz-lite-app/com.daraz.shop.lite.sa,com.daraz.shop.lite.sa
https://apkpure.com/gardrops/com.gardrops,com.gardrops
https://apkpure.com/grocery-shopping-list-listonic/com.l,com.l
https://apkpure.com/extra/com.asgatech.extra,com.asgatech.extra
https://apkpure.com/mavi/com.mavi.kartus,com.mavi.kartus
https://apkpure.com/samsung-shop/com.samsung.ecomm.global.in,com.samsung.ecomm.global.in
https://apkpure.com/puma/com.puma.ecom.app,com.puma.ecom.app
https://apkpure.com/bestbid/com.t.barezbid,com.t.barezbid
https://apkpure.com/%D1%87%D0%B5%D0%BA%D1%81%D0%BA%D0%B0%D0%BD-%D0%BA%D1%8D%D1%88%D0%B1%D1%8D%D0%BA-%D0%B7%D0%B0-%D0%BF%D0%BE%D0%BA%D1%83%D0%BF%D0%BA%D0%B8/com.warefly.checkscan,com.warefly.checkscan
https://apkpure.com/wayfair-shop-all-things-home/com.wayfair.wayfair,com.wayfair.wayfair
https://apkpure.com/daryo/http.taocartspro.daryo,http.taocartspro.daryo
https://apkpure.com/blibli-belanja-online-mall/blibli.mobile.commerce,blibli.mobile.commerce
https://apkpure.com/skroutz/com.niobiumlabs.android.apps.skroutz,com.niobiumlabs.android.apps.skroutz
https://apkpure.com/cdcare-pay-small-small-app/com.nipek.cdcare,com.nipek.cdcare
https://apkpure.com/instamart-groceries-more/in.swiggy.android.instamart,in.swiggy.android.instamart
https://apkpure.com/file-market/com.file.filemarket,com.file.filemarket
https://apkpure.com/the-sasol-rewards-app/com.sasol.lifestyle,com.sasol.lifestyle
https://apkpure.com/shell-maroc/com.shell.shell_loyalty_app.morocco,com.shell.shell_loyalty_app.morocco
https://apkpure.com/navipay-park-and-pay/eu.ekinnolab.navipay,eu.ekinnolab.navipay
https://apkpure.com/maxima/lt.maxima.aciu,lt.maxima.aciu
https://apkpure.com/b-tech/com.btechapp,com.btechapp
https://apkpure.com/get-get-%D0%B2%D1%81%D0%B5%D0%B1%D0%BE%D0%BD%D1%83%D1%81%D0%BD%D0%B8%D0%B9-%D0%B7%D0%B0%D1%81%D1%82%D0%BE%D1%81%D1%83%D0%BD%D0%BE%D0%BA/com.getget,com.getget
https://apkpure.com/my-honor/com.hihonor.phoneservice,com.hihonor.phoneservice
https://apkpure.com/reserved/com.lppsa.app.reserved,com.lppsa.app.reserved
https://apkpure.com/%E5%9C%B0%E5%85%83%E3%81%AE%E6%8E%B2%E7%A4%BA%E6%9D%BF-%E3%82%B8%E3%83%A2%E3%83%86%E3%82%A3%E3%83%BC-%E3%83%95%E3%83%AA%E3%83%9E%E3%82%88%E3%82%8A%E3%82%82%E3%82%AB%E3%83%B3%E3%82%BF%E3%83%B3%E3%81%A7%E3%81%8A%E5%BE%97%EF%BC%81/jp.jmty.app2,jp.jmty.app2
https://apkpure.com/cataloguespecials-co-za/za.cataloguespecials.app,za.cataloguespecials.app
https://apkpure.com/social-jet-followers-likes/blue.member.socialjet,blue.member.socialjet
https://apkpure.com/a101-kapida/com.a101kapida.android,com.a101kapida.android
https://apkpure.com/inexport/com.aitan.inexport,com.aitan.inexport
https://apkpure.com/made-in-china-b2b-trade-online/com.madeinchina.b2b.trade,com.madeinchina.b2b.trade
https://apkpure.com/media-markt-deutschland/com.media.markt,com.media.markt
https://apkpure.com/safeway-deals-delivery/com.safeway.client.android.safeway,com.safeway.client.android.safeway
https://apkpure.com/price%E9%A6%99%E6%B8%AF%E6%A0%BC%E5%83%B9%E7%B6%B2/networld.price.app,networld.price.app
https://apkpure.com/hopi-app-of-shopping/com.boynergrup.hopi,com.boynergrup.hopi
https://apkpure.com/fry%E2%80%99s/com.frysfood.mobile,com.frysfood.mobile
https://apkpure.com/blix-gazetki-promocyjne/com.gazetki.gazetki,com.gazetki.gazetki
https://apkpure.com/lotte-duty-free/com.lotte.lottedutyfree,com.lotte.lottedutyfree
https://apkpure.com/mediamarkt/es.mediamarkt.app,es.mediamarkt.app
https://apkpure.com/cu-mongolia/central.express.cu,central.express.cu
https://apkpure.com/amaze/com.amaze.superapp,com.amaze.superapp
https://apkpure.com/mon-e-leclerc/com.infomil.bill,com.infomil.bill
https://apkpure.com/istore-pre-owned/com.istore.app,com.istore.app
https://apkpure.com/lowe-s/com.lowes.android,com.lowes.android
https://apkpure.com/zepto-delivery-partner-app/com.zepto.rider,com.zepto.rider
https://apkpure.com/evo-%D0%BA%D0%BB%D1%83%D0%B1-%D0%BF%D1%80%D0%B8%D0%B2%D0%B8%D0%BB%D0%B5%D0%B3%D0%B8%D0%B9-%D0%BE%D1%82-haier/ru.haier.app,ru.haier.app
https://apkpure.com/dis-chem/za.co.dischem,za.co.dischem
https://apkpure.com/daraz-seller-center/com.daraz.sellercenter,com.daraz.sellercenter
https://apkpure.com/waslcom-%D9%88%D8%A7%D8%B5%D9%84%D9%83%D9%85/com.ertiqasoft.waslcom,com.ertiqasoft.waslcom
https://apkpure.com/g2a/com.g2a.marketplace,com.g2a.marketplace
https://apkpure.com/nike-snkrs-shoes-streetwear/com.nike.snkrs,com.nike.snkrs
https://apkpure.com/nv-fortune/com.nv.fortune,com.nv.fortune
https://apkpure.com/snapdeal-online-shopping-app/com.snapdeal.main,com.snapdeal.main
https://apkpure.com/aldi-s%C3%BCd-angebote-prospekte/de.apptiv.business.android.aldi_de,de.apptiv.business.android.aldi_de
https://apkpure.com/nu/co.shopney.nulzwtzapp,co.shopney.nulzwtzapp
https://apkpure.com/swoo-digital-wallet/com.cardsmobile.swoo,com.cardsmobile.swoo
https://apkpure.com/mokka-buy-now-pay-later/ru.revo.mokka,ru.revo.mokka
https://apkpure.com/sam%E2%80%99s-club-m%C3%A9xico/air.SamsClubMexico,air.SamsClubMexico
https://apkpure.com/%D8%A7%D8%B4%D8%AD%D9%86%D9%87%D8%A7/com.salla.bastore,com.salla.bastore
https://apkpure.com/%EB%B2%88%EA%B0%9C%EC%9E%A5%ED%84%B0/kr.co.quicket,kr.co.quicket
https://apkpure.com/suburbia-compra-en-l%C3%ADnea/mx.com.suburbia.shoppingapp,mx.com.suburbia.shoppingapp
https://apkpure.com/%E3%81%97%E3%81%BE%E3%82%80%E3%82%89/biz.shopup.shimamura,biz.shopup.shimamura
https://apkpure.com/buildcores-3d-part-picker-pc/com.buildcores.buildcores,com.buildcores.buildcores
https://apkpure.com/dealseek/com.dealseekorg.dealseek,com.dealseekorg.dealseek
https://apkpure.com/momo%E8%B3%BC%E7%89%A9-l-%E8%AE%93%E4%BD%A0%E6%89%BE%E5%88%B0%E6%9B%B4%E5%A4%9A%E6%9B%B4%E5%A4%9A/com.momo.mobile.shoppingv2.android,com.momo.mobile.shoppingv2.android
https://apkpure.com/mi-carrefour/com.munrodev.crfmobile,com.munrodev.crfmobile
https://apkpure.com/perks-at-work/com.nextjump.perksatwork,com.nextjump.perksatwork
https://apkpure.com/iq-cars-%D8%B3%D9%88%D9%82-%D8%B3%D9%8A%D8%A7%D8%B1%D8%A7%D8%AA-%D8%A7%D9%84%D8%B9%D8%B1%D8%A7%D9%82/com.redfoxpro.iqcars,com.redfoxpro.iqcars
https://apkpure.com/sahseh-%D8%B5%D8%AD%D8%B5%D8%AD/com.uae.coupons,com.uae.coupons
https://apkpure.com/walmart-walmart-express-mx/com.walmart.mg,com.walmart.mg
https://apkpure.com/woolworths/com.woolworths,com.woolworths
https://apkpure.com/meshok-online-auction/net.meshok.auction,net.meshok.auction
https://apkpure.com/%D1%81%D1%96%D0%BB%D1%8C%D0%BF%D0%BE-%E2%80%93-%D0%B4%D0%BE%D1%81%D1%82%D0%B0%D0%B2%D0%BA%D0%B0-%D0%BF%D1%80%D0%BE%D0%B4%D1%83%D0%BA%D1%82%D1%96%D0%B2/ua.silpo.android,ua.silpo.android
https://apkpure.com/1688-global/com.alibaba.wireless.oversea,com.alibaba.wireless.oversea
https://apkpure.com/spin-plus/com.digitalfemsa_spinplus,com.digitalfemsa_spinplus
https://apkpure.com/pull-bear/com.inditex.pullandbear,com.inditex.pullandbear
https://apkpure.com/nordstrom-rack/com.nordstrom.rack.app,com.nordstrom.rack.app
https://apkpure.com/more/com.plusmore.app,com.plusmore.app
https://apkpure.com/clicflyer-weekly-deals-coupon/main.ClicFlyer,main.ClicFlyer
https://apkpure.com/cartup-online-shopping/com.cartup.user,com.cartup.user
https://apkpure.com/dji-store-try-virtual-flight/com.dji.overSeaStore,com.dji.overSeaStore
https://apkpure.com/stradivarius-online-fashion/com.inditex.stradivarius,com.inditex.stradivarius
https://apkpure.com/koe-game-shop/com.koekoe.gameshop,com.koekoe.gameshop
https://apkpure.com/watsons-philippines/com.mtelnet.watson.ph,com.mtelnet.watson.ph
https://apkpure.com/shein-india-fast-fashion/com.ril.shein,com.ril.shein
https://apkpure.com/savana-by-urbanic/com.savana.in,com.savana.in
https://apkpure.com/jiji-nigeria-buy-sell/ng.jiji.app,ng.jiji.app
https://apkpure.com/%D8%A3%D8%AA%D9%82%D8%AF%D8%A7%D9%88/shop.emaxi.ma,shop.emaxi.ma
https://apkpure.com/metro-%D0%BF%D1%80%D0%BE%D0%B4%D1%83%D0%BA%D1%82%D1%8B-%D1%81-%D0%B4%D0%BE%D1%81%D1%82%D0%B0%D0%B2%D0%BA%D0%BE%D0%B9/www.metro.com,www.metro.com
https://apkpure.com/atomy-shop/com.atomy.android.shop,com.atomy.android.shop
https://apkpure.com/disney-store/com.disney.disneystore_goo,com.disney.disneystore_goo
https://apkpure.com/eneba-%E2%80%93-marketplace-for-gamers/com.eneba.app,com.eneba.app
https://apkpure.com/priv%C3%A9-by-zalando/de.zalando.prive,de.zalando.prive
https://apkpure.com/amazon-business-shop-and-save/com.amazon.mShop.android.business.shopping,com.amazon.mShop.android.business.shopping
https://apkpure.com/blidz-shop-deals-earn-money/com.biddl.biddl,com.biddl.biddl
https://apkpure.com/catawiki-online-auctions/com.catawiki2,com.catawiki2
https://apkpure.com/dealdash-bid-save-auctions/com.dealdash,com.dealdash
https://apkpure.com/food-lion/com.foodlion.mobile,com.foodlion.mobile
https://apkpure.com/%D0%BC%D0%BF%D1%80-%D1%82%D0%BE%D0%B2%D0%B0%D1%80%D1%8B-%D0%B4%D0%BB%D1%8F-%D0%B4%D0%BE%D0%BC%D0%B0/com.getmeback.mprshop,com.getmeback.mprshop
https://apkpure.com/pop-mart/com.popmart.global,com.popmart.global
https://apkpure.com/toters-merchant/com.toters.totersmerchant,com.toters.totersmerchant
https://apkpure.com/o-meu-pingo-doce/pt.pingodoce,pt.pingodoce
https://apkpure.com/gumtree-shop-resell-local/com.ebay.gumtree.au,com.ebay.gumtree.au
https://apkpure.com/oba-plus/com.oba.market,com.oba.market
https://apkpure.com/zip-previously-quadpay/com.quadpay.quadpay,com.quadpay.quadpay
https://apkpure.com/mitra-shopee-jual-pulsa-ppob/com.shopee.mitra.id,com.shopee.mitra.id
https://apkpure.com/zooplus-online-pet-shop/de.zooplus,de.zooplus
https://apkpure.com/castorama-%E2%80%93-market-budowlany/pl.looksoft.castorama,pl.looksoft.castorama
https://apkpure.com/empik-udane-zakupy/com.empik.empikapp,com.empik.empikapp
https://apkpure.com/jd-sports-shoes-sneakers/com.jd.jdsportsusa,com.jd.jdsportsusa
https://apkpure.com/krave-mart-grocery-delivery/com.krrave.customer,com.krrave.customer
https://apkpure.com/mourjan/com.mourjan.classifieds,com.mourjan.classifieds
https://apkpure.com/gepp-en-tus-manos/com.sw1848.pepsilealtad,com.sw1848.pepsilealtad
https://apkpure.com/uniqlo-ph/com.uniqlo.ph.catalogue,com.uniqlo.ph.catalogue
https://apkpure.com/aldi-usa/de.apptiv.business.android.aldi_us,de.apptiv.business.android.aldi_us
https://apkpure.com/jameia-com/droidahmed.com.jm3eia,droidahmed.com.jm3eia
https://apkpure.com/eco-shop-my/my.com.ecoshop,my.com.ecoshop
https://apkpure.com/erli-najta%C5%84sze-zakupy-online/pl.erli.app,pl.erli.app
https://apkpure.com/kari-%D0%BE%D0%B1%D1%83%D0%B2%D1%8C-%D0%B8-%D0%B0%D0%BA%D1%81%D0%B5%D1%81%D1%81%D1%83%D0%B0%D1%80%D1%8B/ru.kari.android,ru.kari.android
https://apkpure.com/waon/waon.app,waon.app
https://apkpure.com/amazon-bazaar/ww.amazon.android,ww.amazon.android
https://apkpure.com/nice-one-%D9%86%D8%A7%D9%8A%D8%B3-%D9%88%D9%86/com.NiceOne.App,com.NiceOne.App
https://apkpure.com/n11/com.dmall.mfandroid,com.dmall.mfandroid
https://apkpure.com/bodega-aurrera-en-l%C3%ADnea/com.mx.walmart.bodega,com.mx.walmart.bodega
https://apkpure.com/unidays-student-coupons/com.myunidays,com.myunidays
https://apkpure.com/sephora-beauty-shopping/com.sephora.digital,com.sephora.digital
https://apkpure.com/%E4%BB%80%E4%B9%88%E5%80%BC%E5%BE%97%E4%B9%B0/com.smzdm.client.android,com.smzdm.client.android
https://apkpure.com/heyobi-diy-projekte-mit-obi/de.obi.app,de.obi.app
https://apkpure.com/sephora-maquillage-parfum/fr.sephora.sephorafrance,fr.sephora.sephorafrance
https://apkpure.com/dp/mx.grupodp.dp,mx.grupodp.dp
https://apkpure.com/pchome24h%E8%B3%BC%E7%89%A9-l-%E4%BD%A0%E5%9C%A8%E5%93%AA-home%E5%B0%B1%E5%9C%A8%E5%93%AA/com.PChome.Shopping,com.PChome.Shopping
https://apkpure.com/qr-code-scanner-app/com.application_4u.qrcode.barcode,com.application_4u.qrcode.barcode
https://apkpure.com/kijiji-buy-and-sell-local/com.ebay.kijiji.ca,com.ebay.kijiji.ca
https://apkpure.com/homechoice/com.homechoice,com.homechoice
https://apkpure.com/%D1%80%D0%B5%D0%BC%D0%B8-%D0%BA%D0%BB%D1%83%D0%B1-%D0%BF%D1%80%D0%B8%D0%B2%D0%B8%D0%BB%D0%B5%D0%B3%D0%B8%D0%B9/com.inteks.remi,com.inteks.remi
https://apkpure.com/169-mall/com.jianpuzhaiapp,com.jianpuzhaiapp
https://apkpure.com/watsons-makyaj-kozmetik/com.mobular.watsons,com.mobular.watsons
https://apkpure.com/picnic-online-supermarket/com.picnic.android,com.picnic.android
https://apkpure.com/m%C5%AFj-globus/com.pragonauts.globus,com.pragonauts.globus
https://apkpure.com/sm-malls-online/com.smsupermalls.smmallsonline,com.smsupermalls.smmallsonline
https://apkpure.com/vatan-bilgisayar/com.vatanbilgisayar.vatan,com.vatanbilgisayar.vatan
https://apkpure.com/mediaworld/it.mediamarket.mediaworld,it.mediamarket.mediaworld
https://apkpure.com/m%C3%B3j-carrefour/pl.carrefour.carrefourmobile,pl.carrefour.carrefourmobile
https://apkpure.com/%D0%BC%D0%B8%D0%BB%D0%B0/by.giperlink.mila,by.giperlink.mila
https://apkpure.com/appnana-gift-cards/com.appnana.android.giftcardrewards,com.appnana.android.giftcardrewards
https://apkpure.com/%D8%B4%D8%B1%D9%83%D8%A9-%D8%A7%D9%84%D8%B3%D9%85%D8%A7%D8%AD/com.ertiqasoft.alsamah,com.ertiqasoft.alsamah
https://apkpure.com/lenskart-eyeglasses-more/com.lenskart.app,com.lenskart.app
https://apkpure.com/vivo-com/com.vivo.website,com.vivo.website
https://apkpure.com/extra-ge/ge.extra,ge.extra
https://apkpure.com/media-markt-%C3%B6sterreich/at.com.media.markt,at.com.media.markt
https://apkpure.com/kaufda-leaflets-flyer/com.bonial.kaufda,com.bonial.kaufda
https://apkpure.com/erafone/com.erafone.android,com.erafone.android
https://apkpure.com/barcode-scanner-pro/com.geekslab.qrbarcodescanner.pro,com.geekslab.qrbarcodescanner.pro
https://apkpure.com/my-h-e-b/com.heb.myheb,com.heb.myheb
https://apkpure.com/albert-heijn-supermarkt/com.icemobile.albertheijn,com.icemobile.albertheijn
https://apkpure.com/scalapay/com.scalapay.scalapay_customer_app,com.scalapay.scalapay_customer_app
https://apkpure.com/shpock-buy-sell-marketplace/com.shpock.android,com.shpock.android
https://apkpure.com/aldi-nord/de.aldiNord.android,de.aldiNord.android
https://apkpure.com/ohouse-home-styling-ideas/net.bucketplace,net.bucketplace
https://apkpure.com/next-fashion-homeware/uk.co.next.android,uk.co.next.android
https://apkpure.com/selgros/app.selgros,app.selgros
https://apkpure.com/inaam/com.AlWafa.Nesto,com.AlWafa.Nesto
https://apkpure.com/madame-coco/com.akinon.madamecoco,com.akinon.madamecoco
https://apkpure.com/media-rewards-survey-rewards/com.beatgridmedia.panelsync.mediarewards,com.beatgridmedia.panelsync.mediarewards
https://apkpure.com/bonoxs/com.bonoxs,com.bonoxs
https://apkpure.com/mitra-bukalapak-pulsa-ppob/com.bukalapak.mitra,com.bukalapak.mitra
https://apkpure.com/chrono24/com.chrono24.mobile,com.chrono24.mobile
https://apkpure.com/poizon-%D0%BA%D1%80%D0%BE%D1%81%D1%81%D0%BE%D0%B2%D0%BA%D0%B8-%D0%B8-%D0%BE%D0%B4%D0%B5%D0%B6%D0%B4%D0%B0/com.newword.medved.bbb,com.newword.medved.bbb
https://apkpure.com/swappa-buy-sell-used-tech/com.swappa.app.market,com.swappa.app.market
https://apkpure.com/taager/com.taager.merchant,com.taager.merchant
https://apkpure.com/doyoueven-official-store/co.tapcart.app.id_9gXlKDs9wQ,co.tapcart.app.id_9gXlKDs9wQ
https://apkpure.com/akak%C3%A7e-en-ucuz-fiyat%C4%B1-bul/com.akakce.akakce,com.akakce.akakce
https://apkpure.com/banggood-online-shopping/com.banggood.client,com.banggood.client
https://apkpure.com/carrefoursa-online-al%C4%B1%C5%9Fveri%C5%9F/com.carrefoursa.ecommerce,com.carrefoursa.ecommerce
https://apkpure.com/aldawaa-pharmacies/com.kr.aldawaa,com.kr.aldawaa
https://apkpure.com/mohito-modne-zakupy-online/com.lppsa.app.mohito,com.lppsa.app.mohito
https://apkpure.com/realme-store/com.realmestore.app,com.realmestore.app
https://apkpure.com/bricomarche-%E2%80%93-kupony-gazetki/pl.bricomarche.app,pl.bricomarche.app
https://apkpure.com/orlen-vitay/pl.orlen.vitay,pl.orlen.vitay
https://apkpure.com/cart%C3%A3o-continente/pt.continente.ContinenteTelemovel,pt.continente.ContinenteTelemovel
https://apkpure.com/lim%C3%A9/ru.limeshop.android,ru.limeshop.android
https://apkpure.com/hollister-co/com.abercrombie.hollister,com.abercrombie.hollister
https://apkpure.com/atome-sg-buy-now-pay-later/com.apaylater.android,com.apaylater.android
https://apkpure.com/auchan/com.auchan.smi,com.auchan.smi
https://apkpure.com/bestsecret/com.bestsecret.main,com.bestsecret.main
https://apkpure.com/smac-shop/com.dac.smacnshop,com.dac.smacnshop
https://apkpure.com/%D9%85%D8%AA%D8%AC%D8%B1-%D8%A7%D9%84%D9%8A%D9%88%D9%86%D9%83%D9%88-%D9%84%D8%B4%D8%AD%D9%86-%D8%A7%D9%84%D8%A3%D9%84%D8%B9%D8%A7%D8%A8/com.elyonko.shop,com.elyonko.shop
https://apkpure.com/boutiqaat-%D8%A8%D9%88%D8%AA%D9%8A%D9%83%D8%A7%D8%AA/com.lezasolutions.boutiqaat,com.lezasolutions.boutiqaat
https://apkpure.com/house-go-for-fashion/com.lppsa.app.house,com.lppsa.app.house
https://apkpure.com/lovita/com.mspe.lovita.LOVITA10Logo,com.mspe.lovita.LOVITA10Logo
https://apkpure.com/%EB%84%A4%EC%9D%B4%EB%B2%84%ED%94%8C%EB%9F%AC%EC%8A%A4-%EC%8A%A4%ED%86%A0%EC%96%B4/com.navercorp.navershopping,com.navercorp.navershopping
https://apkpure.com/sama-contact-lenses/com.sama.samacontactlenses,com.sama.samacontactlenses
https://apkpure.com/louis-vuitton/com.vuitton.android,com.vuitton.android
https://apkpure.com/worten/com.worten.app,com.worten.app
https://apkpure.com/kruidvat-app/nl.kruidvat.voordeelkaart,nl.kruidvat.voordeelkaart
https://apkpure.com/%D0%B4%D0%B5%D1%82%D0%BC%D0%B8%D1%80-%D0%B1%D0%B5%D0%BB%D0%B0%D1%80%D1%83%D1%81%D1%8C/ru.detmir.dmbonus.by,ru.detmir.dmbonus.by
https://apkpure.com/aucorlive/com.auctionmobility.auctions.aucor,com.auctionmobility.auctions.aucor
https://apkpure.com/beauty-box/com.beautyboxjo,com.beautyboxjo
https://apkpure.com/parcels-track-online-orders/com.brightstripe.parcels,com.brightstripe.parcels
https://apkpure.com/davpay-qris-ppob/com.davpay,com.davpay
https://apkpure.com/glance-%E2%80%93-shop-with-ai/com.glance.ai,com.glance.ai
https://apkpure.com/puregold-mobile/com.grocery.puregold,com.grocery.puregold
https://apkpure.com/ikea-saudi-arabia/com.ikea.ksa.kompis,com.ikea.ksa.kompis
https://apkpure.com/fave-cashback-savings/com.kfit.fave,com.kfit.fave
https://apkpure.com/kikuu-online-shopping-mall/com.kikuu,com.kikuu
https://apkpure.com/makropro/com.makromangoapp.production,com.makromangoapp.production
https://apkpure.com/new-linker/com.newlinker.shop,com.newlinker.shop
https://apkpure.com/dubai-uae-online-shopping/com.onlineuae.shopping,com.onlineuae.shopping
https://apkpure.com/sainsbury-s-groceries/com.sainsburys.gol,com.sainsburys.gol
https://apkpure.com/f-id-sell-buy/com.sellbuyff.id,com.sellbuyff.id
https://apkpure.com/espressolab/com.technoface.espressolablive,com.technoface.espressolablive
https://apkpure.com/21vek-by/com.twentyonevek,com.twentyonevek
https://apkpure.com/hns-official-store/com.wsagency.hns,com.wsagency.hns
https://apkpure.com/efootwear-eu/pl.eobuwie.eobuwieapp,pl.eobuwie.eobuwieapp
https://apkpure.com/modivo-moda-damska-i-m%C4%99ska/pl.modivo.modivoapp,pl.modivo.modivoapp
https://apkpure.com/list-am/am.listmobile,am.listmobile
https://apkpure.com/6thstreet-online-shopping/com.apparel.app6thstreet,com.apparel.app6thstreet
https://apkpure.com/toyou-rep/com.arammeem.android.apps.driver,com.arammeem.android.apps.driver
https://apkpure.com/fairprice-group/com.fairprice.mcomapp,com.fairprice.mcomapp
https://apkpure.com/4sale-buy-sell-everything/com.forsale.forsale,com.forsale.forsale
https://apkpure.com/old-navy-fashion-at-a-value/com.gap.mobile.oldnavy,com.gap.mobile.oldnavy
https://apkpure.com/doorzo-%E2%80%93-shop-from-japan/com.rym.door.inter,com.rym.door.inter
https://apkpure.com/scn-easy/com.sit.scng_app,com.sit.scng_app
https://apkpure.com/thredup-online-thrift-store/com.thredup.android,com.thredup.android
https://apkpure.com/marjanemall/ma.marjanemall.marjanemall,ma.marjanemall.marjanemall
https://apkpure.com/liverpool-compras-online/mx.com.liverpool.shoppingapp,mx.com.liverpool.shoppingapp
https://apkpure.com/chestny-znak-%E2%80%93-quality-control/ru.crptech.mark,ru.crptech.mark
https://apkpure.com/asda/com.asda.android,com.asda.android
https://apkpure.com/auchan-france/com.auchan.android,com.auchan.android
https://apkpure.com/showroomprive-ventes-priv%C3%A9es/com.holosfind.showroom,com.holosfind.showroom
https://apkpure.com/%EC%98%AC%EB%A6%AC%EB%B8%8C%EC%98%81/com.oliveyoung,com.oliveyoung
https://apkpure.com/petsmart/com.petsmart.consumermobile,com.petsmart.consumermobile
https://apkpure.com/the-home-depot/com.thehomedepot,com.thehomedepot
https://apkpure.com/%D9%84%D9%84%D9%86%D9%82%D8%A7%D8%B7-%D9%82%D9%8A%D9%85%D8%A9-walaone/com.walaplus.walaplusone,com.walaplus.walaplusone
https://apkpure.com/xb-deals-track-game-prices/com.xbox_deals.sales,com.xbox_deals.sales
