https://apkpure.com/antivirus-cleaner-vpn-app/cleaner.antivirus,cleaner.antivirus
https://apkpure.com/vpn-fast-vpn-unlimited-proxy-app/free.vpn.filter.unblock.proxy.hotspot.fastvpn,free.vpn.filter.unblock.proxy.hotspot.fastvpn
https://apkpure.com/fkey-boost-game-reduce-ping/win.fkey.netboost,win.fkey.netboost
https://apkpure.com/google-app/com.google.android.googlequicksearchbox,com.google.android.googlequicksearchbox
https://apkpure.com/zarchiver-2025/ru.zdevs.zarchiver,ru.zdevs.zarchiver
https://apkpure.com/shizuku-app/moe.shizuku.privileged.api,moe.shizuku.privileged.api
https://apkpure.com/vpn-fast-proxy/com.free.vpn.fastvpn.securevpn,com.free.vpn.fastvpn.securevpn
https://apkpure.com/google-play-services-2025/com.google.android.gms,com.google.android.gms
https://apkpure.com/downloader-by-aftvnews-2025/com.esaba.downloader,com.esaba.downloader
https://apkpure.com/shareit-transfer-share-files-2025/com.lenovo.anyshare.gps,com.lenovo.anyshare.gps
https://apkpure.com/vpn-super-unlimited-proxy-app/com.free.vpn.super.hotspot.open,com.free.vpn.super.hotspot.open
https://apkpure.com/happ-proxy-utility/com.happproxy,com.happproxy
https://apkpure.com/google-translate-app/com.google.android.apps.translate,com.google.android.apps.translate
https://apkpure.com/gboard-the-google-keyboard-app/com.google.android.inputmethod.latin,com.google.android.inputmethod.latin
https://apkpure.com/auto-clicker-automatic-tap-2025/com.truedevelopersstudio.automatictap.autoclicker,com.truedevelopersstudio.automatictap.autoclicker
https://apkpure.com/v2raytun-app/com.v2raytun.android,com.v2raytun.android
https://apkpure.com/google-play-services-for-ar-2025/com.google.ar.core,com.google.ar.core
https://apkpure.com/xender-share-music-transfer-android/cn.xender,cn.xender
https://apkpure.com/phone-by-google-app/com.google.android.dialer,com.google.android.dialer
https://apkpure.com/speech-recognition-synthesis-app/com.google.android.tts,com.google.android.tts
https://apkpure.com/gaming-vpn-for-online-games/mobi.bgn.gamingvpn,mobi.bgn.gamingvpn
https://apkpure.com/xapk-installer-android/com.wuliang.xapkinstaller,com.wuliang.xapkinstaller
https://apkpure.com/splitvpn-secure-vpn-proxy/com.notvpn2,com.notvpn2
https://apkpure.com/samsung-smart-switch-mobile-app/com.sec.android.easyMover,com.sec.android.easyMover
https://apkpure.com/speedtop-vpn-fast-secure/io.speedtop.app,io.speedtop.app
https://apkpure.com/vpn-proxy-master-safer-vpn-app/free.vpn.unblock.proxy.vpn.master.pro,free.vpn.unblock.proxy.vpn.master.pro
https://apkpure.com/shareme-file-sharing-app/com.xiaomi.midrop,com.xiaomi.midrop
https://apkpure.com/files-by-google-app/com.google.android.apps.nbu.files,com.google.android.apps.nbu.files
https://apkpure.com/gearup-lower-lag-game-booster-app/com.gearup.booster,com.gearup.booster
https://apkpure.com/terabox-1tb-cloud-ai-space-app/com.dubox.drive,com.dubox.drive
https://apkpure.com/zapya-file-transfer-share-2025/com.dewmobile.kuaiya.play,com.dewmobile.kuaiya.play
https://apkpure.com/google-authenticator-app/com.google.android.apps.authenticator2,com.google.android.apps.authenticator2
https://apkpure.com/samsung-good-lock/com.samsung.android.goodlock,com.samsung.android.goodlock
https://apkpure.com/lantern-fast-secure-vpn-app/org.getlantern.lantern,org.getlantern.lantern
https://apkpure.com/vpn-potatovpn-wifi-proxy/com.potatovpn.free.proxy.wifi,com.potatovpn.free.proxy.wifi
https://apkpure.com/sadx-freestyle/com.freestyle.fss,com.freestyle.fss
https://apkpure.com/seekee-ai-search-assistant-app/com.enzo.paulo,com.enzo.paulo
https://apkpure.com/hitray/io.hitray.android,io.hitray.android
https://apkpure.com/notvpn-unlimited-vpn/com.notvpn,com.notvpn
https://apkpure.com/speedtest-by-ookla/org.zwanoo.android.speedtest,org.zwanoo.android.speedtest
https://apkpure.com/qr-barcode-scanner-app/com.gamma.scan,com.gamma.scan
https://apkpure.com/android-accessibility-suite-app/com.google.android.marvin.talkback,com.google.android.marvin.talkback
https://apkpure.com/termux-app/com.termux,com.termux
https://apkpure.com/send-files-to-tv-app/com.yablio.sendfilestotv,com.yablio.sendfilestotv
https://apkpure.com/xnxx-vpn-safe-proxy/com.xnxxvpn.proxysafetws.app,com.xnxxvpn.proxysafetws.app
https://apkpure.com/diskwala-app/com.diskwalaapp,com.diskwalaapp
https://apkpure.com/cx-file-explorer-2025/com.cxinventor.file.explorer,com.cxinventor.file.explorer
https://apkpure.com/activity-launcher-2025/de.szalkowski.activitylauncher,de.szalkowski.activitylauncher
https://apkpure.com/vpn-lat-unlimited-and-secure/com.vpn.lat,com.vpn.lat
https://apkpure.com/mojolauncher/git.artdeell.mojo,git.artdeell.mojo
https://apkpure.com/cpu-z/com.cpuid.cpu_z,com.cpuid.cpu_z
https://apkpure.com/unlock-r-2025/me.tito.unlocker,me.tito.unlocker
https://apkpure.com/tevi-app/com.tevi.android,com.tevi.android
https://apkpure.com/google-opinion-rewards/com.google.android.apps.paidtasks,com.google.android.apps.paidtasks
https://apkpure.com/pipster-security/com.vipin.pipster,com.vipin.pipster
https://apkpure.com/android-system-webview-app/com.google.android.webview,com.google.android.webview
https://apkpure.com/easyshare/com.vivo.easyshare,com.vivo.easyshare
https://apkpure.com/tdm-files-download-manager/com.tdm.manager,com.tdm.manager
https://apkpure.com/via-browser-fast-light/mark.via.gp,mark.via.gp
https://apkpure.com/%E6%97%8B%E9%A3%8E%E5%8A%A0%E9%80%9F%E5%99%A8/com.xwind.network,com.xwind.network
https://apkpure.com/gg-mouse-pro-2-app/com.zjx.ztezscreenshot,com.zjx.ztezscreenshot
https://apkpure.com/snap-vpn-super-fast-vpn-proxy/free.vpn.unblock.proxy.vpnpro,free.vpn.unblock.proxy.vpnpro
https://apkpure.com/hiddifynext-ray-clash-singbox/app.hiddify.com,app.hiddify.com
https://apkpure.com/calculator/com.google.android.calculator,com.google.android.calculator
https://apkpure.com/vinzz-tools/com.vinzzmltools,com.vinzzmltools
https://apkpure.com/v2vpn-a-fast-vpn-proxy/com.wrongchao.v2vpn,com.wrongchao.v2vpn
https://apkpure.com/quick-clean-space-cleaner/com.spaceclean.quickcleaner,com.spaceclean.quickcleaner
https://apkpure.com/letsvpn-app/world.letsgo.booster.android.pro,world.letsgo.booster.android.pro
https://apkpure.com/mcpedl-for-minecraft-app/com.overwolf.mcpedl,com.overwolf.mcpedl
https://apkpure.com/adb-shell-debug-toolbox-app/com.github.standardadb,com.github.standardadb
https://apkpure.com/yandex-keyboard/ru.yandex.androidkeyboard,ru.yandex.androidkeyboard
https://apkpure.com/resolution-changer-uses-adb/com.draco.resolutionchanger,com.draco.resolutionchanger
https://apkpure.com/vpnify-unlimited-vpn-proxy/com.vpn.free.hotspot.secure.vpnify,com.vpn.free.hotspot.secure.vpnify
https://apkpure.com/wireguard/com.wireguard.android,com.wireguard.android
https://apkpure.com/honista-app/cc.honista.app,cc.honista.app
https://apkpure.com/google-go/com.google.android.apps.searchlite,com.google.android.apps.searchlite
https://apkpure.com/hitvpn-fast-secure-vpn/io.hvpn.android,io.hvpn.android
https://apkpure.com/fake-gps-location-for-android/com.lexa.fakegps,com.lexa.fakegps
https://apkpure.com/google-family-link/com.google.android.apps.kids.familylink,com.google.android.apps.kids.familylink
https://apkpure.com/netguard-no-root-firewall/eu.faircode.netguard,eu.faircode.netguard
https://apkpure.com/atom-vpn-fast-secure-simple/net.lab.flying,net.lab.flying
https://apkpure.com/outline/org.outline.android.client,org.outline.android.client
https://apkpure.com/apkmirror-installer-official/com.apkmirror.helper.prod,com.apkmirror.helper.prod
https://apkpure.com/aox-vpn/com.craftvpn.craft,com.craftvpn.craft
https://apkpure.com/90-fps-120-fps-v4-0-app/tq.tech.Fps,tq.tech.Fps
https://apkpure.com/speedy-quark-vpn-vpn-master/com.speedy.vpn,com.speedy.vpn
https://apkpure.com/root-checker/com.joeykrim.rootcheck,com.joeykrim.rootcheck
https://apkpure.com/%E7%BB%BF%E8%8C%B6vpn-%E2%80%93-%E5%AE%89%E5%85%A8%E4%B8%94%E7%A7%81%E5%AF%86/com.lvcha.main,com.lvcha.main
https://apkpure.com/clone-master-multi-app/com.cmaster.cloner,com.cmaster.cloner
https://apkpure.com/google%E2%80%99s-find-hub-app/com.google.android.apps.adm,com.google.android.apps.adm
https://apkpure.com/playping-%E2%80%93-m%C3%B4-ph%E1%BB%8Fng-m%E1%BA%A1ng/vn.dihaver.playping,vn.dihaver.playping
https://apkpure.com/devcheck-device-system-info-app/flar2.devcheck,flar2.devcheck
https://apkpure.com/dark-aura-panel-rabbit-green/com.darkaura.rabbit,com.darkaura.rabbit
https://apkpure.com/applock/com.domobile.applockwatcher,com.domobile.applockwatcher
https://apkpure.com/v380-pro/com.macrovideo.v380pro,com.macrovideo.v380pro
https://apkpure.com/diskdigger-photo-recovery/com.defianttech.diskdigger,com.defianttech.diskdigger
https://apkpure.com/setedit-settingsdatabaseeditor/by4a.setedit22,by4a.setedit22
https://apkpure.com/%E9%BB%91%E6%B4%9E%E5%8A%A0%E9%80%9F%E5%99%A8/com.blackhole.network,com.blackhole.network
https://apkpure.com/%E9%9B%B7%E9%9C%86%E5%8A%A0%E9%80%9F%E5%99%A8/com.leiting.network,com.leiting.network
https://apkpure.com/1dm-browser-video-download-app/idm.internet.download.manager,idm.internet.download.manager
https://apkpure.com/%D0%B1%D0%B0%D1%82%D1%8F-vpn-%D0%B1%D1%8B%D1%81%D1%82%D1%80%D1%8B%D0%B9-%D0%B2%D0%BF%D0%BD-%D1%81%D0%B5%D1%80%D0%B2%D0%B8%D1%81/ms.f2p.batyavpn,ms.f2p.batyavpn
https://apkpure.com/ticktock-tiktok-live-wallpaper/com.zhiliao.musically.livewallpaper,com.zhiliao.musically.livewallpaper
https://apkpure.com/android-switch-app/com.google.android.apps.restore,com.google.android.apps.restore
https://apkpure.com/inzight-chat-profile-viewer/com.privateaccount.hiddenprofile.igprofileview.iglastseen.iganalyze,com.privateaccount.hiddenprofile.igprofileview.iglastseen.iganalyze
https://apkpure.com/x-plore-file-manager-app/com.lonelycatgames.Xplore,com.lonelycatgames.Xplore
https://apkpure.com/%D8%AA%D9%85%D8%A7%D9%85-%D9%84%D9%88%D8%AD%D8%A9-%D8%A7%D9%84%D9%85%D9%81%D8%A7%D8%AA%D9%8A%D8%AD-%D8%A7%D9%84%D8%B9%D8%B1%D8%A8%D9%8A%D8%A9/com.ziipin.softkeyboard.saudi,com.ziipin.softkeyboard.saudi
https://apkpure.com/google-lens/com.google.ar.lens,com.google.ar.lens
https://apkpure.com/prisma3d-modeling-animation/com.prisma3D.prisma3D,com.prisma3D.prisma3D
https://apkpure.com/app-ops-permission-manager/rikka.appops,rikka.appops
https://apkpure.com/mon-eid/ma.gov.dgsn.eid,ma.gov.dgsn.eid
https://apkpure.com/vpn-cat-vpn-buck-2025/com.free.supervpn.andr,com.free.supervpn.andr
https://apkpure.com/openvpn-connect/net.openvpn.openvpn,net.openvpn.openvpn
https://apkpure.com/the-ick-follow-alerts/com.vaste.insta.tracker,com.vaste.insta.tracker
https://apkpure.com/apk-installer-app/apk.installer.apkinstaller,apk.installer.apkinstaller
https://apkpure.com/topfollow-tags/com.topfollow2,com.topfollow2
https://apkpure.com/device-info-hw/ru.andr7e.deviceinfohw,ru.andr7e.deviceinfohw
https://apkpure.com/pingtools-network-utilities/ua.com.streamsoft.pingtools,ua.com.streamsoft.pingtools
https://apkpure.com/hiphone-launcher-os-phone-fast/com.launcher.ios11.iphonex,com.launcher.ios11.iphonex
https://apkpure.com/tiktok-live-wallpaper/com.ss.android.ugc.tiktok.livewallpaper,com.ss.android.ugc.tiktok.livewallpaper
https://apkpure.com/kaizerus-gfx/com.kaizerus.visualcore,com.kaizerus.visualcore
https://apkpure.com/hideu-calculator-lock/com.calculator.hideu,com.calculator.hideu
https://apkpure.com/zmodeler-for-android/com.fastsmartsystem.saf,com.fastsmartsystem.saf
https://apkpure.com/move-to-ios/com.apple.movetoios,com.apple.movetoios
https://apkpure.com/gofly-vpn-v2ray-trojan-sock5/com.ambrose.overwall,com.ambrose.overwall
https://apkpure.com/myanmar-2d-3d/network.kalock.myanmar2d,network.kalock.myanmar2d
https://apkpure.com/galaxy-wearable-samsung-gear/com.samsung.android.app.watchmanager,com.samsung.android.app.watchmanager
https://apkpure.com/playedge-efficient-player/com.playedge.potential,com.playedge.potential
https://apkpure.com/rar-extractor-manager/com.rarlab.rar,com.rarlab.rar
https://apkpure.com/device-id/com.jdcv.tw.displayphonestate,com.jdcv.tw.displayphonestate
https://apkpure.com/dark-aura/com.sensigo.sensitivity.ffx.tool,com.sensigo.sensitivity.ffx.tool
https://apkpure.com/google-app-for-android-tv/com.google.android.katniss,com.google.android.katniss
https://apkpure.com/provide-lite-epic-play/com.providelite.epicplay,com.providelite.epicplay
https://apkpure.com/qr-code-reader-qr-code-scanner-app/tw.mobileapp.qrcode.banner,tw.mobileapp.qrcode.banner
https://apkpure.com/npv-tunnel-v2ray-ssh/com.napsternetlabs.napsternetv,com.napsternetlabs.napsternetv
https://apkpure.com/game-booster-4x-faster/com.g19mobile.gamebooster,com.g19mobile.gamebooster
https://apkpure.com/advanced-download-manager-app/com.dv.adm,com.dv.adm
https://apkpure.com/control-screen-rotation-app/ahapps.controlthescreenorientation,ahapps.controlthescreenorientation
https://apkpure.com/clone-app-parallel-space/com.pengyou.cloneapp,com.pengyou.cloneapp
https://apkpure.com/clock-app/com.google.android.deskclock,com.google.android.deskclock
https://apkpure.com/moowii-gaming/com.geekwon.moyuplayer.global,com.geekwon.moyuplayer.global
https://apkpure.com/skins-clothes-maker-for-roblox-game/roblox.clothes.skin.maker.editor,roblox.clothes.skin.maker.editor
https://apkpure.com/my-telenor/com.telenor.pakistan.mytelenor,com.telenor.pakistan.mytelenor
https://apkpure.com/dual-space-pro-multi-accounts/com.ludashi.dualspaceprox,com.ludashi.dualspaceprox
https://apkpure.com/%D0%B4%D1%8F%D0%B4%D1%8F-%D0%B2%D0%B0%D0%BD%D1%8F-vpn/com.vanyavpn.android.client,com.vanyavpn.android.client
https://apkpure.com/virtual-master-android-clone/com.clone.android.dual.space,com.clone.android.dual.space
https://apkpure.com/ghost-dark-aura-panel-ff/com.ghostdarkaura,com.ghostdarkaura
https://apkpure.com/multiple-accounts-dual-space/com.excelliance.multiaccounts,com.excelliance.multiaccounts
https://apkpure.com/soundcore/com.oceanwing.soundcore,com.oceanwing.soundcore
https://apkpure.com/switch-access-app/com.google.android.accessibility.switchaccess,com.google.android.accessibility.switchaccess
https://apkpure.com/bugjaeger-mobile-adb-usb-otg/eu.sisik.hackendebug,eu.sisik.hackendebug
https://apkpure.com/nthlink/com.nthlink.android.client,com.nthlink.android.client
https://apkpure.com/v2box/dev.hexasoftware.v2box,dev.hexasoftware.v2box
https://apkpure.com/amneziawg/org.amnezia.awg,org.amnezia.awg
https://apkpure.com/total-commander-file-manager/com.ghisler.android.TotalCommander,com.ghisler.android.TotalCommander
https://apkpure.com/brevent/me.piebridge.brevent,me.piebridge.brevent
https://apkpure.com/kimi/com.moonshot.kimichat,com.moonshot.kimichat
https://apkpure.com/gfx-tool-launcher-optimizer-app/eu.tsoml.graphicssettings,eu.tsoml.graphicssettings
https://apkpure.com/fitpro/cn.xiaofengkj.fitpro,cn.xiaofengkj.fitpro
https://apkpure.com/bd-net-vpn/dastan.prince.bdfreevpn,dastan.prince.bdfreevpn
https://apkpure.com/macrodroid-device-automation-app/com.arlosoft.macrodroid,com.arlosoft.macrodroid
https://apkpure.com/dns-changer-lilly/com.aykutcevik.dnschanger,com.aykutcevik.dnschanger
https://apkpure.com/rushview/com.rush.rushenvi,com.rush.rushenvi
https://apkpure.com/hyper-os-enhancer/en.hyperosdownloader,en.hyperosdownloader
https://apkpure.com/all-video-downloader-player/videoplayer.videodownloader.downloader,videoplayer.videodownloader.downloader
https://apkpure.com/game-tuner/com.levv.gametuner,com.levv.gametuner
https://apkpure.com/hryfine/com.lianhezhuli.hyfit,com.lianhezhuli.hyfit
https://apkpure.com/fast-vpn/fast.free.securevpn,fast.free.securevpn
https://apkpure.com/tp-link-tether/com.tplink.tether,com.tplink.tether
https://apkpure.com/icsee/com.xm.csee,com.xm.csee
https://apkpure.com/island/com.oasisfeng.island,com.oasisfeng.island
https://apkpure.com/seagull-vpn-easy-and-reliable/tool.seagull.v,tool.seagull.v
https://apkpure.com/canon-print-app/jp.co.canon.bsd.ad.pixmaprint,jp.co.canon.bsd.ad.pixmaprint
https://apkpure.com/device-info-system-cpu-info/com.ytheekshana.deviceinfo,com.ytheekshana.deviceinfo
https://apkpure.com/eva-vpn-fast-vpn/meiler.eva.vpn,meiler.eva.vpn
https://apkpure.com/%D0%BC%D0%BE%D0%B9-%D0%BC%D1%82%D1%81/ru.mts.mymts,ru.mts.mymts
https://apkpure.com/guitartuna-app/com.ovelin.guitartuna,com.ovelin.guitartuna
https://apkpure.com/tailscale/com.tailscale.ipn,com.tailscale.ipn
https://apkpure.com/hiwatchpro/com.legend.hiwatchpro.app,com.legend.hiwatchpro.app
https://apkpure.com/localsend-transfer-files/org.localsend.localsend_app,org.localsend.localsend_app
https://apkpure.com/advanced-kurdish-keyboard-app/com.boloorian.android.kurdishkeyboard,com.boloorian.android.kurdishkeyboard
https://apkpure.com/extreme-panel-xit-panel/com.painelextreme,com.painelextreme
https://apkpure.com/hex-editor-app/com.myprog.hexedit,com.myprog.hexedit
https://apkpure.com/sharebox-customization-andorid/com.sharebox.storageefficiency,com.sharebox.storageefficiency
https://apkpure.com/mi-remote-controller-for-tv/com.duokan.phone.remotecontroller,com.duokan.phone.remotecontroller
https://apkpure.com/tls-tunnel-unlimited-vpn/com.tlsvpn.tlstunnel,com.tlsvpn.tlstunnel
https://apkpure.com/navigation-bar-for-android/nu.nav.bar,nu.nav.bar
https://apkpure.com/volume-booster-goodev-app/com.goodev.volume.booster,com.goodev.volume.booster
https://apkpure.com/xiaomi-earbuds/com.mi.earphone,com.mi.earphone
https://apkpure.com/tmpad-game-mode-booster/pro.themed.perappdownscale,pro.themed.perappdownscale
https://apkpure.com/setedit-settings-editor/com.netvor.settings.database.editor,com.netvor.settings.database.editor
https://apkpure.com/ha-tunnel-plus/com.hatunnel.plus,com.hatunnel.plus
https://apkpure.com/%D1%8F%D0%BD%D0%B4%D0%B5%D0%BA%D1%81-%E2%80%94-%D1%81-%D0%B0%D0%BB%D0%B8%D1%81%D0%BE%D0%B9-ai/com.yandex.searchapp,com.yandex.searchapp
https://apkpure.com/ninja-vpn-fast-secure-vpn/app.ninjavpn.android,app.ninjavpn.android
https://apkpure.com/glip-wallet-screen-recorder/glip.gg,glip.gg
https://apkpure.com/am-tunnel-lite-vpn/app.vpn.amtunnellite,app.vpn.amtunnellite
https://apkpure.com/accu%E2%80%8Bbattery/com.digibites.accubattery,com.digibites.accubattery
https://apkpure.com/bing-your-ai-copilot/com.microsoft.bing,com.microsoft.bing
https://apkpure.com/browser-tv-web-browsehere/com.tcl.browser,com.tcl.browser
https://apkpure.com/starvpn-private-secure-free-vpn/com.starvpn,com.starvpn
https://apkpure.com/iscreen-widgets-themes/com.zerone.hidesktop,com.zerone.hidesktop
https://apkpure.com/mynaportal/jp.go.cas.mpa,jp.go.cas.mpa
https://apkpure.com/tv-bro/com.phlox.tvwebbrowser,com.phlox.tvwebbrowser
https://apkpure.com/starlink/com.starlink.mobile,com.starlink.mobile
https://apkpure.com/turbo-gamer-pro-game-booster/com.diffmemorymas.gamemode.pro,com.diffmemorymas.gamemode.pro
https://apkpure.com/easy-call/net.whatscall.easycall,net.whatscall.easycall
https://apkpure.com/play-services-info-update/com.weberdo.apps.serviceinfo,com.weberdo.apps.serviceinfo
https://apkpure.com/yoyo-snake-rush/com.yoyo.snake.rush,com.yoyo.snake.rush
https://apkpure.com/gov-br/br.gov.meugovbr,br.gov.meugovbr
https://apkpure.com/ml-toolkit/com.elfilibustero.toolkit,com.elfilibustero.toolkit
https://apkpure.com/aida64/com.finalwire.aida64,com.finalwire.aida64
https://apkpure.com/every-proxy/com.gorillasoftware.everyproxy,com.gorillasoftware.everyproxy
https://apkpure.com/screen-mirroring-cast-to-tv/com.soomapps.screenmirroring,com.soomapps.screenmirroring
https://apkpure.com/dark-aura-panel-ff/com.dark.aura.panel,com.dark.aura.panel
https://apkpure.com/mi-mover-app/com.miui.huanji,com.miui.huanji
https://apkpure.com/yandex-start/ru.yandex.searchplugin,ru.yandex.searchplugin
https://apkpure.com/psplay-remote-play/psplay.grill.com,psplay.grill.com
https://apkpure.com/ai-vpn-fast-secure-by-vaipn/com.vaipnvpn,com.vaipnvpn
https://apkpure.com/smart-switch-phone-clone/com.smartswitch.phonecloneapp.phonetransfer,com.smartswitch.phonecloneapp.phonetransfer
https://apkpure.com/dito/com.mydito,com.mydito
https://apkpure.com/miracast/com.widget7.miracast,com.widget7.miracast
https://apkpure.com/ampere/com.gombosdev.ampere,com.gombosdev.ampere
https://apkpure.com/rotation-control/org.crape.rotationcontrol,org.crape.rotationcontrol
https://apkpure.com/lesser-audioswitch/com.nordskog.LesserAudioSwitch,com.nordskog.LesserAudioSwitch
https://apkpure.com/human-capital-application/com.alfamart.humancapitalapp,com.alfamart.humancapitalapp
https://apkpure.com/dual-space-multiple-accounts/com.ludashi.dualspace,com.ludashi.dualspace
https://apkpure.com/multi-cloner/com.multiaccounts.cloneapps,com.multiaccounts.cloneapps
https://apkpure.com/stark-vpn-reloaded/istark.vpn.starkreloaded,istark.vpn.starkreloaded
https://apkpure.com/ccleaner-93-phone-cleaner-app/com.piriform.ccleaner,com.piriform.ccleaner
https://apkpure.com/fing-network-tools/com.overlook.android.fing,com.overlook.android.fing
https://apkpure.com/mantis-gamepad-pro-beta/app.mantispro.gamepad,app.mantispro.gamepad
https://apkpure.com/play-integrity-api-checker/gr.nikolasspyr.integritycheck,gr.nikolasspyr.integritycheck
https://apkpure.com/darktunnel-ssh-dnstt-v2ray/net.darktunnel.app,net.darktunnel.app
https://apkpure.com/follower-plus-likes-views-app/com.ana.follower.plus,com.ana.follower.plus
https://apkpure.com/vpn-express-fast-secure-vpn/com.adaranet.vgep,com.adaranet.vgep
https://apkpure.com/device-personalization-services/com.google.android.as,com.google.android.as
https://apkpure.com/k2er-gamepad-keyboard-mapper/com.k2tap.master,com.k2tap.master
https://apkpure.com/shootingplus-v3/com.qx.qgbox,com.qx.qgbox
https://apkpure.com/wpsapp-android/com.themausoft.wpsapp,com.themausoft.wpsapp
https://apkpure.com/clone-phone-phone-switch/com.m24apps.phoneswitch,com.m24apps.phoneswitch
https://apkpure.com/pok%C3%A9mon-home/jp.pokemon.pokemonhome,jp.pokemon.pokemonhome
https://apkpure.com/teng-xun-yuan-bao/com.tencent.hunyuan.app.chat,com.tencent.hunyuan.app.chat
https://apkpure.com/apk-installer-by-uptodown/com.uptodown.installer,com.uptodown.installer
https://apkpure.com/netmod-syna-vpn-client/com.netmod.syna,com.netmod.syna
https://apkpure.com/remote-for-android-tv/tech.simha.androidtvremote,tech.simha.androidtvremote
https://apkpure.com/mobile-cloner/com.transsion.mobilecloner,com.transsion.mobilecloner
https://apkpure.com/avast-antivirus-security-app/com.avast.android.mobilesecurity,com.avast.android.mobilesecurity
https://apkpure.com/laban-key-vietnamese-keyboard/com.vng.inputmethod.labankey,com.vng.inputmethod.labankey
https://apkpure.com/inanalyze-profile-viewer/profile.analyze.privateaccount.inanalyze,profile.analyze.privateaccount.inanalyze
https://apkpure.com/hik-connect-for-end-user/com.connect.enduser,com.connect.enduser
https://apkpure.com/%D0%B1%D1%8B%D1%81%D1%82%D1%80%D1%8B%D0%B9-vpn-c-%D1%80%D0%BE%D1%81%D1%81%D0%B8%D0%B9%D1%81%D0%BA%D0%B8%D0%BC-ip/app.start.vpn.russia,app.start.vpn.russia
https://apkpure.com/furniture-mods-for-minecraft/com.kalvlad.furniture,com.kalvlad.furniture
https://apkpure.com/virtual-android-android-clone/com.pspace.vandroid,com.pspace.vandroid
https://apkpure.com/file-recovery-photo-recovery/filerecovery.photosrecovery.allrecovery,filerecovery.photosrecovery.allrecovery
https://apkpure.com/vpn-planet/com.vassabi.vpn_planet,com.vassabi.vpn_planet
https://apkpure.com/clownfish-voice-changer-effect/com.voice_changer.app_2025.effects,com.voice_changer.app_2025.effects
https://apkpure.com/boltbrowse-trustworthy/com.boltbrowse.trustworthy,com.boltbrowse.trustworthy
https://apkpure.com/burfy-localised-design-tool/com.epicroots.burfy,com.epicroots.burfy
https://apkpure.com/vip-oman-vpn/dastan.prince.vipoman,dastan.prince.vipoman
https://apkpure.com/teledisk-cloud-storage-app/com.linkbox.plus.android,com.linkbox.plus.android
https://apkpure.com/taskbar-app/com.farmerbb.taskbar,com.farmerbb.taskbar
https://apkpure.com/morelocale-2/jp.co.c_lis.ccl.morelocale,jp.co.c_lis.ccl.morelocale
https://apkpure.com/dual-space-multi-app/com.xunijun.app.gp,com.xunijun.app.gp
https://apkpure.com/sanad/com.modee.sanad,com.modee.sanad
https://apkpure.com/control-center-ios-15-app/com.luutinhit.controlcenter,com.luutinhit.controlcenter
https://apkpure.com/calculator-vault-app-hider/com.app.calculator.vault.hider,com.app.calculator.vault.hider
https://apkpure.com/wifi-master-wifi-auto-connect/com.halo.wifikey.wifilocating,com.halo.wifikey.wifilocating
https://apkpure.com/canta-debloater/io.github.samolego.canta,io.github.samolego.canta
https://apkpure.com/socialaut/com.avilap.socialaut,com.avilap.socialaut
https://apkpure.com/axisnet-cek-beli-kuota-data/com.axis.net,com.axis.net
https://apkpure.com/2accounts-dual-apps-space/com.excelliance.multiaccount,com.excelliance.multiaccount
https://apkpure.com/game-booster-pro-launcher-app/com.scoregame.gameboosterpro,com.scoregame.gameboosterpro
https://apkpure.com/pandavpn-lite-hotspot-proxy/com.pandavpnfree.androidproxy,com.pandavpnfree.androidproxy
https://apkpure.com/caller-id-phone-number-lookup/com.callblocker.whocalledme,com.callblocker.whocalledme
https://apkpure.com/android-device-policy/com.google.android.apps.work.clouddpc,com.google.android.apps.work.clouddpc
https://apkpure.com/only-red-settings-app/gg.manuelita.freesensis,gg.manuelita.freesensis
https://apkpure.com/ex-file-manager/com.ace.ex.file.manager,com.ace.ex.file.manager
https://apkpure.com/%D1%8F%D0%BD%D0%B4%D0%B5%D0%BA%D1%81-%D0%B1%D1%80%D0%B0%D1%83%D0%B7%D0%B5%D1%80-%D0%B4%D0%BB%D1%8F-%D1%82%D0%B2/com.yandex.browser.tv,com.yandex.browser.tv
https://apkpure.com/custom-aim-crosshair-pro/com.itdeveapps.customaim,com.itdeveapps.customaim
https://apkpure.com/sony-headphones-connect/com.sony.songpal.mdr,com.sony.songpal.mdr
https://apkpure.com/vmos/com.vmos.google,com.vmos.google
https://apkpure.com/pdf-reader-app-read-all-pdf-app/pdfreader.pdfviewer.officetool.pdfscanner,pdfreader.pdfviewer.officetool.pdfscanner
https://apkpure.com/aps3e-emulator/aenu.aps3e,aenu.aps3e
https://apkpure.com/google-tv-home/com.google.android.apps.tv.launcherx,com.google.android.apps.tv.launcherx
https://apkpure.com/iso-2-usb/com.mixapplications.iso2usb,com.mixapplications.iso2usb
https://apkpure.com/multi-app-dual-space/com.waxmoon.ma.gp,com.waxmoon.ma.gp
https://apkpure.com/mx-tunnel-pro/com.mxtunnel.pro,com.mxtunnel.pro
https://apkpure.com/takostats-fps-perf-overlay/rikka.fpsmonitor,rikka.fpsmonitor
https://apkpure.com/gear-s-plugin/com.samsung.android.gearoplugin,com.samsung.android.gearoplugin
https://apkpure.com/background-apps-process-list/io.github.visnkmr.bapl,io.github.visnkmr.bapl
https://apkpure.com/wifi-launcher/com.borconi.emil.wifilauncherforhur,com.borconi.emil.wifilauncherforhur
https://apkpure.com/wifi-wps-wpa-tester/com.tester.wpswpatester,com.tester.wpswpatester
https://apkpure.com/call-recorder-cube-acr/com.catalinagroup.callrecorder,com.catalinagroup.callrecorder
https://apkpure.com/file-manager/com.mi.android.globalFileexplorer,com.mi.android.globalFileexplorer
https://apkpure.com/rapid-vpn-safe-secure-proxy/com.rapidconn.android,com.rapidconn.android
https://apkpure.com/hamo-tunnel-plus/org.hamotunnelplus.xyz,org.hamotunnelplus.xyz
https://apkpure.com/img-tool/by.lsdsl.gta.imgtool,by.lsdsl.gta.imgtool
https://apkpure.com/vpn-proxy-ovpnspider/com.ovpnspider,com.ovpnspider
https://apkpure.com/fastnodevpn/com.proxy.fastnode,com.proxy.fastnode
https://apkpure.com/screen-mirroring-miracast/screen.mirroring.screenmirroring,screen.mirroring.screenmirroring
